option_price,spot,strike,vol,time_expiry
22.165673661275207,154.2555011756435,131.4524916533012,0.10651712496699389,0.29694936630920077
0.4706498348148891,230.08112336053952,272.45683536184373,0.1553992290622207,0.44018659445632974
1.377754298625958e-05,50.028593704336224,237.92693022981672,0.6055730408119164,0.31211140974730817
4.9126698333974553e-17,125.58314315795994,240.65802386127768,0.20795104695107797,0.14079660039311537
8.455911307854628e-15,86.68897270427826,167.36975713998143,0.21276901724774452,0.16214236327803408
6.172142566267854e-05,73.08464869219945,102.69112561717634,0.16507715839487153,0.27580282833519354
35.530005076904736,96.56505284441772,60.36876989412472,0.09835315593247776,0.48179754216660486
5.943567561280915,136.39018176076195,130.45719999256113,0.10261444680399769,0.10855789015528527
89.33808827675571,149.19186855766748,59.27816612349861,0.07324852514224484,0.26475122150869235
0.001210570674851294,184.70418350083924,223.46385284347494,0.1338524543401268,0.1850182896496853
0.005161731662930463,154.7986286008237,217.5875079840421,0.1780214810400285,0.38946816557944913
62.40921922137778,221.30487509918987,157.61794568624373,0.10095867846118241,0.4053759134875635
5.103095299113087e-11,101.11306243287936,241.94724441454326,0.279304371697896,0.22378875694506395
85.07238303054143,269.52935909773635,184.00212368489093,0.08100592519665849,0.11797879999728121
0.00683192455653614,56.84689829948154,59.96498165886314,0.10729319699567241,0.05220294095785055
133.55204234601496,217.61687754460056,83.69827949016977,0.06570719595423591,0.11535116692186952
55.63834541208969,154.32620059178174,98.3540997537296,0.07974429216409976,0.15075240806210344
54.92504940254909,189.67245711143792,133.91595029116246,0.09416674243821627,0.307418680596421
21.48758187646304,85.09673464880845,63.078236609369185,0.1058429058350703,0.4390800786917291
4.7809521577264107e-32,99.5253722712197,201.27919512509155,0.21119522516097655,0.08155085064583342
70.46169569606599,250.18614216888417,178.0152568809797,0.10579557720773268,0.4799305960231501
86.25096252888295,292.0653939298494,204.36525300428903,0.09619251436867074,0.3479220050499903
0.057170945866558576,128.3560445398107,158.088898691086,0.15484666534422045,0.3761428331256225
0.788736568563257,223.08065391732853,261.9251170593594,0.15924460041874353,0.4917827772420755
104.73298432857797,269.0972880740096,163.51476401478783,0.08161821020083901,0.21972837085670816
218.6884590387416,273.65166587596184,53.850879947980225,0.0730246282912338,0.27516006363003287
1.446229528687164e-05,71.26105284244449,268.26703711177487,0.4887301701617609,0.34602221609394496
3.747944798755714e-08,59.76369580822059,214.05038693602472,0.4401496967732079,0.26618006844319586
8.708558177291354e-16,92.45760489114222,255.75076016211773,0.3127150835837666,0.16357392543720106
0.03020572532269261,269.5356258573533,287.9439232584629,0.10996388556085454,0.07058464291041884
11.69326183099085,74.58670845826252,62.7280958792218,0.09581437979638294,0.15676742994662946
45.64773129245661,155.27690625126303,108.76796602275364,0.09887529383477783,0.3890493671781238
222.23921136980908,289.4723825376255,65.83586086408495,0.07484837271947806,0.32757569813688614
26.89027373579026,183.29132124325426,155.41447150811274,0.11388868538708594,0.40463873753753243
0.0366593351425184,222.96927848761834,265.95728637536297,0.13978334656826583,0.2682178553458048
58.22837776692238,128.87890775151573,70.40599567876703,0.07315529479484163,0.13140801048624082
52.33536917710228,221.62523192039592,168.27798822146963,0.09963439783278076,0.32142172495131327
176.64118926373794,258.65641797434324,81.3857774521809,0.06678566454863497,0.1659226352107055
1.632376729562994e-67,54.57206933604795,243.22140054177945,0.4677440466379113,0.03417379757217006
2.031157878512964,237.53607873624188,260.35553919896086,0.145823137137548,0.4535989648721003
235.4189336382039,297.2152722266237,60.82273454653965,0.07020242318588434,0.22177739302533683
64.6727112885645,237.04141359495986,171.61018579259868,0.09045482757298466,0.22454277460386185
10.135784917080898,120.11099801610129,109.85276103443898,0.11862215215504181,0.37580083295929234
0.8837711948094018,247.31983211287212,288.1184454233148,0.15644263499093458,0.47526003406678097
7.495387237580024e-46,75.8065016444105,285.97315694594903,0.400667264139112,0.054807453461822406
3.0951734203590125e-08,161.9733815439763,203.48350059617522,0.13104113382683055,0.10289652230349196
0.7690331377013031,277.14887577327386,293.3718493312991,0.11738428520327981,0.1747315947837011
0.023005415292535414,123.40353709341987,136.21533592906275,0.11894375371333028,0.1392436382384955
4.021069893158542e-09,121.94383464658719,274.4626794169204,0.26772829168220635,0.2578375910533726
9.449700163115639e-05,82.50714302956942,158.64874335212738,0.25110994030320494,0.4157406131828881
8.434376360441642e-05,54.84173946757427,108.95365928687843,0.2623793078614589,0.4299067591722444
0.006164545101574326,219.70888323497275,285.20699080034984,0.1556379707717995,0.30599837218817677
3.787855401180082e-19,102.90702900001476,221.05451274580687,0.23401208913722357,0.13528339223891198
49.97498422766937,116.38666484305655,66.22789633478233,0.07329023038501287,0.10951649037088894
0.0006754677649018423,172.8932898200846,267.60621420576655,0.1948733160867975,0.37682744595297873
3.033735263375107e-18,63.3406362792701,225.34507365833656,0.39896594712603145,0.13386274766890285
1.9869583549243117,193.52940137300328,201.23171824357044,0.12406868130147947,0.27895562764474385
1.306497369896691e-05,86.68214372645254,233.09372479483264,0.35105639268441613,0.37965477782105206
83.59819905613793,197.32638422582107,113.3597606249452,0.07465196676585249,0.12955957021538525
24.488447644025484,224.9395900052328,200.1222388186361,0.09640048121866865,0.10376057003491714
7.449951080565431e-69,75.58360720695646,253.65479531541382,0.3508980918397822,0.0390731295564086
89.78233236737587,153.5139969548921,63.52841508099997,0.0654043249981312,0.09083304209597483
139.57456992322844,223.60003943193627,82.62766783481649,0.0807072383746877,0.42869067533455557
5.269319002937293e-31,153.54481738172566,260.6114524891034,0.17393517273152972,0.07022523763758011
4.938704926549992e-20,62.48836473652179,204.58646733197136,0.3642035848184242,0.12734962185311252
1.9847476707896874,183.97410147887788,182.8219526202645,0.10060956638559213,0.03572345587806902
102.80107476192882,215.9486613049472,112.07268224927465,0.08293710193033063,0.34465118501661374
54.61744746520489,178.72227801457714,123.76964381237397,0.08246933987699387,0.1312175079030654
17.866530601635844,286.14868899770335,268.1715412298655,0.10893114648146114,0.21852402454484685
40.97972876128091,196.63876012549824,155.41648371242732,0.08715417777243022,0.08686456223538885
208.92550353187607,275.8504788219709,66.1075638949017,0.06852535743128346,0.2010642980535231
2.073798490776714e-10,84.36867603655938,274.2462673768956,0.3865239813616058,0.22372998379501532
0.009653400514195998,84.81908681268963,100.84520820601276,0.13736638797775866,0.24702317689280626
3.2827500125867317,251.84782217738095,256.55688387309783,0.11730199343101537,0.2229640702585343
2.8211899011343632e-34,149.4192092463834,270.44265577070183,0.1860269717589127,0.06932315065959888
4.916407898386478e-05,91.33854927923319,171.68768620458454,0.24121002070663983,0.3908385279831411
81.91531872827511,281.8771450990085,199.6161732761591,0.08095896717027719,0.08585888167515748
7.151211244942404e-05,136.94146493637663,181.81686412135423,0.15053351091492922,0.22366033967638976
30.992815768255838,237.70302578403889,206.20532354637476,0.09768346356292743,0.15053893397733414
0.016811519562933697,231.49949633761287,263.7604303368379,0.12466728097883482,0.16448381267835502
148.94410632439536,270.8265228014525,120.53486210121515,0.07902112789448727,0.34276197084148763
0.0011425928016497375,205.9180517639022,270.9388770451502,0.15381374053482527,0.26853762743043896
45.43801338256398,237.7356085068343,191.92258252978732,0.09003255528298253,0.11124178423037147
57.96438420979588,137.22458549446063,78.77576024172585,0.08085017921819938,0.245184531120021
10.461015050337707,117.48197294125652,106.75029130366448,0.10364604449221622,0.18297961702222568
73.57928494035613,273.9715545490167,198.99559640325344,0.0991340197618593,0.3581586551591005
46.872927019260686,157.02279746782372,109.8615592261701,0.08282693203139277,0.12852569716762352
206.5382128941961,291.2100117870964,82.85391513436514,0.07925727895324837,0.4255943059320057
124.54228213345914,215.860374454612,90.46192853095879,0.07438390909878417,0.2725902391479826
0.002860952847837578,205.42393005228044,261.2181295589348,0.14790324605644206,0.2602973950030828
8.2957149071093e-19,78.6864932383438,200.5459134731777,0.28225996246591933,0.14176918730608648
2.4275566535070965,287.3723146767678,290.8917717970855,0.10777023076879542,0.1093547214735987
25.49293689336352,162.47803336998513,136.41980332400635,0.10180207440006397,0.24647315011404644
5.190260397651869,194.59740359678295,198.90627453373742,0.14026122136333802,0.4912757205561235
1.1142364941599719e-12,152.0342006903203,199.74632224335494,0.13508451690487092,0.083794994077677
6.564609592637721e-15,109.25674506075693,203.9260718009872,0.20437713336172045,0.15606196756546742
209.40893897845572,275.8448801405634,64.7943017964306,0.07855803742865426,0.4043077636560589
0.05150021572107044,193.41987166807147,237.57929614367146,0.15073722587052676,0.3390929112851624
1.4311026365183889e-11,50.717581757789745,287.0523745469063,0.6448441612826276,0.15380403617284977
20.14253886382167,204.28622840518096,183.6697642948972,0.1019193808489006,0.17103085125205367
33.10709649361144,131.66122544302402,98.13900523876711,0.09200073578421468,0.22157516211292594
0.0042238611899992895,181.76452556440233,238.23147874498557,0.15747374429266514,0.30933764587630214
218.19124527711233,271.48552482769367,51.82974233196595,0.07772574650045588,0.36528260826611625
8.400948924554825,139.31744000062494,132.06402591269523,0.12663123410615865,0.43150416005659076
6.556847619109206,277.1337877299498,279.4015869110983,0.12633527702532057,0.3469335058200367
8.903689494781474,205.84002894795069,197.0918332234692,0.10454906767136768,0.1337513909464152
0.004635747742938033,53.95531071163907,263.79757097603385,0.6870096883030791,0.4643458569614048
79.60281378157654,282.3593084359403,201.16801308729694,0.10030349298870765,0.39497379232436775
0.012070263070110498,222.724229379231,255.64453813096776,0.1257994215341916,0.16754311060536525
28.78713287695814,299.3307126128701,269.8708808573292,0.1018158468967408,0.16638350798819032
0.010077735309042102,93.08512708633214,130.24659363111329,0.18339338913003958,0.44296079284587425
3.524870199150982,84.28393740721944,80.73869288804462,0.10071266340796997,0.08051767059065527
51.526021987460865,283.14886575929086,230.3258360466427,0.10476101947393106,0.3240612004331483
63.627335307181966,224.20454037247504,160.08677170780956,0.08535014116482723,0.1533021115872436
0.05350079465148805,66.50004318051562,81.68392728550215,0.15858329674564725,0.41705615606686697
40.75079856105782,238.8657631506166,197.4559120274723,0.09713499038950886,0.19497125482682637
178.14691208892955,238.46904711531158,59.01707864246498,0.07675076171295357,0.37201572534504035
180.24905499940215,280.75613388662083,100.04552910274674,0.06492495703012538,0.11236058739859463
0.6374162446507476,227.88118965711794,247.07529741699224,0.1264159838944015,0.2510940308195549
27.57318899119671,81.06774049304117,53.024190003839465,0.0960187475042675,0.40572542068689305
4.780917660089807e-12,54.970033459948894,125.83641792714226,0.26396864381664537,0.21055434160273948
1.4252595814696676,56.55274671942982,55.34399027201768,0.1038032366205768,0.09755553913092314
0.00010334200507418063,57.07662200519865,299.37124818208235,0.6757418086887906,0.33151146687135075
8.465384407968903e-05,111.55276690076147,195.50749408586543,0.22262189144057443,0.38159638682930835
141.06855909821337,265.006987170722,123.34406962151415,0.07036470939910192,0.15449246497908495
9.569948059151708e-07,184.7077660854132,282.23736547327894,0.1751430926612394,0.23665369339155276
12.620336709484462,188.20549467144147,176.77985588705113,0.12733841478236066,0.45221547794531136
95.19835700116747,260.50772308990145,163.6730568881017,0.09595150050973766,0.43855310297164085
3.787389068327614e-06,81.04332877997778,196.9678765740466,0.3110179554792418,0.3594500526964075
4.963016917340269,119.79591975278487,116.03441105264241,0.11861518941157252,0.30363228775539525
68.95855995142655,196.43981786457198,126.32207483685832,0.09553231417451075,0.4123434897906203
147.55865516906755,292.3989370799186,142.9136441810456,0.08728699796523054,0.4556694301279227
79.08740828763007,190.2575548139275,111.11199984290272,0.06959993039711357,0.021203628640603114
7.31687915143955e-11,54.661822343235755,196.13681652915744,0.4246111270891825,0.21066932779220562
25.378135146436335,250.15816817015408,223.9615334830816,0.1101399901553326,0.2894766481848712
39.679294856581194,108.2435684602551,67.98680504100028,0.09192533466164965,0.37228310541674076
1.8231493212485212e-07,251.77629890469478,292.770829906366,0.1181761401465344,0.06198692584882089
1.038476959512742e-08,146.96516101604294,238.26766396736372,0.18311998316938127,0.21188239408681495
14.261577200140835,265.88546363985716,251.54079073835206,0.10500104169051251,0.15421816613592745
4.296435827447937,236.78041068429616,237.91010102032263,0.11592838059921322,0.2232848254904878
118.32979042872569,189.06005849760473,70.01524431780433,0.07219834607854757,0.2590297436831784
1.9959198636994904e-06,84.11380641517125,170.42407075529428,0.25222201330003413,0.3368073072925045
1.8581290390739812e-09,64.97942237805292,161.418239100414,0.2976057944634871,0.258193346705734
3.926812922456624e-07,80.33586393518434,218.11816263123248,0.34054616490326844,0.31782473629049146
7.555247076213602e-08,61.137969636190434,162.1843147060805,0.3282166545876748,0.29957113370682686
9.813280211631969e-11,76.87353227652324,226.07834959597741,0.34831181459467,0.22559955105865104
1.3519576443774506e-122,106.42733465196368,220.41133440065573,0.2075825115173358,0.022388655061407386
5.31415476947771,228.24724509566917,224.28713218818905,0.10534318230665704,0.11336787865260887
0.25444321823050053,189.92924551353562,204.6501856403841,0.11919286082527601,0.1736991940574186
3.424518122435227e-23,53.13899503977896,87.74518331991145,0.17145849079416184,0.09054950041036702
8.702798187888234e-07,67.99356992237169,240.20061407643902,0.44607686984810324,0.3073586631710891
45.27598728000385,291.819082500068,245.26145554848927,0.10657778124266055,0.31351974879660915
3.548590224513302e-05,192.02511547998554,276.0257464784512,0.16714451552593979,0.26004476460652615
0.14635036826487635,100.82330866524762,108.44217315102648,0.11902399370464796,0.17400747276841497
18.382446890657334,113.08143614258086,94.16972326808536,0.10726172662769902,0.3335638649717381
87.80440636633833,235.95646351877323,147.7747807766906,0.0768482391426969,0.11133607168594098
4.797824706416404e-46,98.8573702773297,130.14116349879004,0.12953539129265054,0.02282287109342155
0.024257013922760473,195.33973181831445,253.86923225140654,0.16283109444174576,0.3727721689683015
88.15087673583386,292.50499727207807,203.3814749171079,0.08871121271737291,0.23288184411388882
21.447193898324883,261.70720037250885,240.00043808743723,0.11727327922533592,0.3549639949039272
1.850610681634373e-13,109.96193978689654,156.91627492424107,0.14939862784031374,0.10882080782574848
98.45585250867524,173.4424285671825,74.8601407288973,0.06409134391817015,0.050057504952279425
125.62742476033394,204.98892959534493,78.75875301256156,0.06977268098033179,0.2014921216558502
112.58153819833848,257.2452248875447,143.35178293429883,0.08583248099973734,0.3540783250138371
0.00029629667780815133,89.19784866152106,98.46194187737679,0.113188877775406,0.0693528163780716
1.5077958154564277e-18,54.64405054435238,255.18662465573456,0.5189983623632298,0.11400043216399636
4.211756157759165e-10,67.50553592980557,199.9090021059292,0.35383389209878524,0.23789727219512952
0.007079314352389898,171.58627773425795,222.21131475466626,0.1565359277290069,0.31815161105295015
27.800283547080625,201.58236541333258,172.77749032607403,0.11301646721419546,0.3800596390731128
119.96525880087245,192.21285927162035,72.04342031054526,0.06350379335135546,0.07267281021711516
19.992673971317842,129.3406023305402,108.76940917154258,0.10707238342724819,0.31981933143470775
130.87108498947143,297.1540386031122,165.40052022290553,0.07765501498619469,0.20593305062935077
94.32604215381556,194.93630481144922,99.64787576348157,0.08232272613757244,0.34164337699894737
88.41701555439374,145.0352931558876,56.369058944705074,0.06592363479521784,0.11770898127771277
0.009971127547857894,187.7370547794742,232.34942456403817,0.14533577466938713,0.2734010228147509
6.055220515547717,236.33360772662553,231.22918680477977,0.1041586269472234,0.1026380263788477
84.61972704849268,217.30822336329615,132.5979365904257,0.07148527881770292,0.028966882878260165
2.5497999304100714e-09,116.22988941570235,260.8735315159139,0.2661889829483778,0.2537361182834994
3.2494968601257855e-25,66.5837086071104,157.11061898776836,0.253889186042473,0.10840533274922867
3.990829754321073e-06,142.52104947852658,266.17153619088356,0.22966012696351432,0.326404798401626
2.4587973498309452,207.42937675539113,214.26635615572238,0.12323004827856904,0.27755591328340784
5.1977506298172584e-05,102.5435024787099,195.25891435452255,0.24473235001491916,0.39197378239891795
137.2837121111362,238.18888843470347,100.18187200877276,0.07126591957705253,0.20862075326441754
0.0006384229194911582,66.63412033852873,182.38665261959872,0.3849964546685474,0.4949370228014014
8.218404141170995e-09,115.07877464463525,273.6081046068931,0.2857311793788376,0.2673030541577954
124.03210941279241,251.18864093583636,126.248493958804,0.07696382804795988,0.2498352325690264
1.5438130839901302e-05,98.35857065583193,267.7364022902633,0.3556568049933072,0.3797323859610414
0.002528156354671726,209.86522021998502,277.186318214597,0.15715518655348396,0.2948903807803594
48.20574316257782,181.16757728093341,132.46114067047057,0.08913734581000203,0.19398335230401217
59.416795126138425,281.2019925998377,220.76859158414103,0.09750271543995302,0.2548374970208682
2.0779993878550217e-24,115.82419262177774,274.8052373914922,0.25581878139653375,0.11078641997064789
0.5023402996440023,66.49027267100595,68.92422043957583,0.11797257205795869,0.20892003886249372
6.914427408987028e-12,233.76649082216736,269.6469658011926,0.11497115271289723,0.034381641211543294
144.47760797183716,243.0445073858117,97.70984081712015,0.07227637298621918,0.24201394896425735
14.4622946424617,276.95396312588105,262.4422275044827,0.10496278386605316,0.15174757414571396
65.1167137261979,282.9930172992093,216.779697174801,0.09702892501807948,0.27282361297213553
7.085933928500878e-85,53.48789324389925,136.08479886251348,0.2608947564866946,0.03405061827349401
20.306298844904987,108.59052153035512,87.84389249819975,0.10175415371778303,0.28644164793064375
1.7092495099532954,204.1945892504144,208.84274037211335,0.11274540761137113,0.16063898414161146
24.67230864109044,287.2540801719041,261.94701092868536,0.11235629826763281,0.29719552688650275
31.01522712047384,287.5440298117699,255.46234369100264,0.11559063955643326,0.371729529565456
0.3141997448076186,189.1632970487891,207.05989928266445,0.1258162297130285,0.23136215686229009
3.924461004967327,278.9015874415686,289.075377438808,0.12870844638849058,0.33831527498334346
12.680325640136601,210.39155223658437,197.48078176894245,0.10289747020082779,0.13467677833770178
46.992732648085436,147.50192853531155,99.45819616197983,0.10366554185932209,0.4993275625215104
13.861028498957666,171.49766677422744,157.33268065412307,0.10112188692403865,0.1365816903774884
65.53699143189596,201.0776207299933,134.18649967529183,0.10127429839395197,0.4715976389031319
4.489522263950624e-15,187.38698037714065,297.98625297682025,0.16883972561321514,0.12426548018768861
135.43280317944516,281.54535667661344,145.0591240293162,0.07811132189750467,0.2588309046104324
3.182870980582095,279.6833589084015,298.17521841620453,0.13867078555489562,0.4141649431485132
0.0867895513041379,148.7189032308887,179.70106268335354,0.1508204336698871,0.3639622624614724
196.21864428168925,290.81563211017794,93.06992536928136,0.07614981026401407,0.3586785978179211
24.537328378372322,93.48891667011608,68.64351781286996,0.09171047302262435,0.2314114687883446
6.501261431860221e-05,81.58237985990934,142.57642344347192,0.2220150869576908,0.3820040122184765
4.251357762115404,83.76978951168283,80.85471495368247,0.1310406853999553,0.46157771696713223
0.016850770147513128,176.41554141922416,208.6296790729604,0.13526371903880455,0.23184883775160217
9.246822185708234e-09,55.38120131854949,153.4799614323522,0.3378623919033968,0.27342343239425637
0.1797321188300529,286.99255280442026,297.7289081313625,0.10567413300432991,0.05169708032798592
0.25521358577287323,256.7788677926831,282.48890591332946,0.1243506705897752,0.20757107536193248
7.754603492391941e-08,53.754745185530595,87.30900807743751,0.18757877030985862,0.24427451183995802
0.0019575206291116212,94.04906389376382,148.7205656342001,0.20879755247693124,0.4496661011857152
6.938705113652196e-11,133.01589359170924,165.39492774059653,0.12700574099300424,0.07306757132261178
7.099904944966802e-06,82.74921120272921,190.2371887804863,0.2952670427588734,0.370946049535504
9.80314628136992,252.37267303164552,245.09088082231713,0.1171554963783184,0.28182616090338536
0.01002385811809342,136.18416317082335,171.79847726835595,0.15185180518044894,0.31113700664794086
129.88720756989625,285.0268705833418,154.9983880025602,0.06812525305513031,0.03429581318218894
79.74902739432531,195.50354498677,115.4999261798339,0.073552546173799,0.09043874228517419
1.7387880999876302,269.70799610296103,277.7015347716896,0.1130693370939722,0.15631194822376887
205.52947234278727,261.1836113480555,55.567877883201035,0.060803409901317315,0.022338583017730916
21.00625224232158,276.34807967716233,255.28047455474115,0.11690810087612699,0.34119574294262567
66.815845998194,164.97006645420174,97.11709991660462,0.09285136695831235,0.43772381548284717
0.04828961680113175,186.5867040050933,221.43922479313682,0.14046189626280464,0.2825447884501956
109.83849424910514,249.65089778800984,138.80234733491093,0.08167090112938755,0.2807187428092178
4.140060291528915e-07,121.42971293353689,293.55315697377284,0.30041975971874424,0.31554844573425794
91.45697740585612,172.56338065498193,80.69303236235498,0.07097928413921177,0.16504712019958598
102.31751866194467,199.7775769114696,96.8924731543099,0.07331900578574316,0.19603135119725199
1.09995462088137e-05,53.88331888770893,272.3606188661197,0.6363829332135833,0.29597106909332793
7.183899031094654,198.3703520491593,195.851578652057,0.12913765182806478,0.40842396018432536
30.84512842102015,158.4190872473646,127.3115961646949,0.09008993737153657,0.11676638451592213
200.98938376359214,251.84013222121035,50.191096369547004,0.06821930002595006,0.17721154680717877
21.23526355719727,128.81120077384324,106.89943458056327,0.11004954309796958,0.3766022001870546
186.13553555404968,273.2221771312878,86.35090854280892,0.06762759855839147,0.18364171958352418
93.48520851586912,194.46430382113388,100.85845609252266,0.06730986111174167,0.04285324577914641
1.3893881089312305e-28,96.00255040686626,274.0806392010012,0.3081289986841215,0.09505132576460078
0.05170610663866171,246.98230845637607,268.2735945674101,0.11506220369416821,0.11305513263658247
0.30852569099805294,203.00779426123347,225.07235940836244,0.12959679365461713,0.25765393402936554
4.5160118132569856e-07,63.47731801843824,167.62441903805228,0.33217055439459103,0.32485998132384236
0.001556997383870072,155.04842000028304,256.7840005830721,0.21812856222750174,0.4425055890649199
44.405596854726525,219.7672091413574,173.9565992713031,0.11169758610957364,0.45321754708267764
138.10038202407756,279.6504444943815,140.8721708212263,0.07277783339667057,0.16743716887284557
6.948617723031257e-06,50.10050622283936,118.90077569021469,0.3076190892967328,0.38162243510028115
13.308572920281875,294.1897872577649,281.1852033845929,0.10600314873690478,0.15556545466830682
1.6992673984939373,144.1450786864436,146.74730856407302,0.11515520477368638,0.19691689748733243
119.5478077051489,293.4458845895806,173.22021835783005,0.07725091713298794,0.16050874980470248
86.93582864132536,201.17902524351325,113.60952557860553,0.07881989502010091,0.21857155337556863
0.39540864797758957,257.2114519951732,271.2416297095158,0.11282801059116865,0.12306353392082267
47.38498166406018,193.67787617702558,145.8158642013217,0.08956735091523206,0.1731132831056907
82.39144975573733,207.0190495768376,124.39367882846881,0.07352429038702486,0.07852151066724207
0.0011474363301151418,121.39407042392348,229.3987405486886,0.25712721515070186,0.48224875500585657
98.24515180535953,196.70833516402072,97.71748579307686,0.07729200469313995,0.26191184451141575
156.35003966623418,237.50544092566497,79.54815733675962,0.08167646592314437,0.46308832764255864
10.174812774033995,264.5784591072606,259.24944555337805,0.12581557072625443,0.3781568675712421
6.372933715667301,238.77054711692003,236.0339803423838,0.11559936470658702,0.2396985380866012
25.94334420492575,224.51431211182575,197.6301369117793,0.11553840524048242,0.38221866814790323
154.15247092216947,266.11985751364995,110.72289374121766,0.07674159651634424,0.3214510777313244
6.111403776066803e-11,130.6702492091866,205.811786296896,0.1721089152472799,0.16580404839289695
9.550081577420912,217.6971976968968,209.58883018529323,0.11540753235248262,0.2703964704383705
29.994773607441317,162.7184841033373,131.89236102808127,0.10712759493479648,0.361909853910766
78.30138205946331,145.5256880078793,66.87233576688557,0.07070865626135214,0.1665504950951872
8.599819583740278e-91,152.7028374805464,270.13464939108167,0.17598942675193152,0.026010961705507166
0.051398397552263386,150.36989586738514,164.9891827685646,0.11908526730153171,0.14876615798524945
0.00011642577920139728,129.3459864895692,240.96817951660748,0.24072940290888578,0.4024378282832404
90.6280874186639,205.47984198007535,113.47215523568491,0.09191269962482929,0.46639668270248064
0.01615830044151534,157.5618177053161,197.84679556687922,0.15207595560962348,0.32015895435356245
135.8964886915822,293.4505194818131,157.19879008719943,0.07017106774464554,0.08374759259859729
72.72167864304413,219.45022285857777,145.5251606372849,0.09539184952962082,0.3836337724387622
17.579482748181647,99.64247210677772,81.67834596173068,0.1018097592614685,0.27291456610272513
44.75614179920379,156.6752523370082,111.06666580224396,0.09914384549048477,0.38185715437818224
65.15369027047028,135.83655994360575,69.83539573957974,0.08747743392659411,0.432133617473606
121.98474285274253,249.40970098964164,125.71457617939464,0.08925299982946672,0.47481994452887566
33.41855554144993,269.99957214085794,235.42620005788885,0.11113228497496787,0.33417801661895913
70.51979103772064,275.960488956593,203.7539312427622,0.10496351480904717,0.43004394072447033
5.202388451580163,215.67995309381556,218.10277473348145,0.1291376426459554,0.37644226769434247
64.82664751217459,117.55206550743945,52.095769881257894,0.08030810211214073,0.3690085704337649
0.00021334268120285198,113.09167537614744,219.59424306282997,0.2564299065164466,0.43221956300814307
86.185310646066,263.7244856743506,175.79517263572177,0.10066486530311597,0.46304145956175935
73.01833270145193,181.92866157718666,107.7271126210448,0.09401497135752457,0.4529964807319254
156.0480092357357,250.5402710011495,93.72412724548056,0.06991341125487628,0.2099601255512867
96.70750682343856,193.12212929790158,96.24574138770745,0.06721808812152566,0.0603302143033881
1.1454216329802591,233.2856313218778,261.0650012687746,0.1453191275513721,0.4181953848599116
2.34504157154607e-06,179.75290686601394,295.64744732627133,0.1945364280038575,0.2786871455876645
0.17418448838234024,242.720977625472,278.4349062104079,0.13581442832465415,0.280196554274779
54.233143825847804,192.2144976761789,136.8423550932032,0.10163001796168404,0.41608415867188137
9.800985185297486e-46,166.42746964799522,245.05614492284093,0.14633999775265832,0.03535240850037146
0.019043184957539205,135.67222698832046,186.61364767535767,0.18008165749746444,0.44142100098807524
2.4261721745309825e-69,67.05233710417603,254.11059938898444,0.3973107590121388,0.03662432064210576
0.12033000452704767,144.48104483202496,170.93173779722645,0.14672765127287185,0.3527333880216263
1.3202135942981823e-07,69.90651942456309,197.48782457485095,0.35148724207361554,0.3019925500881964
47.527733790925225,295.70427843261126,246.81586188106536,0.1070536183240105,0.3280396068001264
20.07437833876577,95.40321283269094,75.05866077578308,0.0940240361342599,0.1995584901143629
68.16399817417096,252.96467443013495,184.25177921013517,0.08637196737247162,0.15222177279204996
126.21781758385418,268.7404112389745,141.49583666741358,0.07904252431662595,0.2645161190906059
20.74197112818763,222.10331309648583,201.07671091721807,0.12302246505783405,0.4451950962318663
4.5530560492975606e-05,192.37360318634393,289.7006289092501,0.17903210879488948,0.2913390417754728
2.9552529253024616e-05,90.24285920390219,148.2057362492406,0.20210549506136702,0.33831146790287203
17.96585270487003,166.72000569082658,148.2432494854041,0.10535395844508352,0.2318620308576804
0.0018319614450640828,136.29301278880376,247.6592483973997,0.24732618338769755,0.486626761818297
2.0602457161751696e-05,106.25998945352114,211.2695997713566,0.2536911527799706,0.3764107771288207
49.12031693854868,198.1279671914492,148.47100196384412,0.09036266103596621,0.1903532052083712
1.3886778891081795e-05,128.06745942547923,222.23876205756287,0.21349900217816342,0.33369489567855654
126.94676593039662,279.0763883670877,151.00040226359476,0.0807487078358167,0.2804558776984258
191.57508338192156,277.40888123788926,84.02828856203053,0.08029605945236304,0.4443469819417693
1.985649802070823e-09,114.27957344554905,162.66081716803362,0.15361741529016795,0.1520259445113976
3.808714585804354e-31,77.7228251860073,133.60484817431814,0.17648384124297162,0.07187239288272192
0.07379836351553681,98.24068300477822,104.49223251529197,0.11279810614696198,0.11181058483576166
8.130729010539371e-09,174.8960426697215,281.44370040910997,0.18093933120693168,0.2057821916504412
12.44925970188612,232.14641699364907,222.40984976988943,0.1276340965147787,0.429948701568471
3.1706139251168206e-16,102.04860960219787,199.7052226558555,0.21403196201824742,0.15000555864123993
7.775020032649353e-07,112.00838959430769,236.66436803075126,0.2609860753385679,0.32065222554016815
76.22816864443234,262.91796873409174,185.4927654428604,0.09487080818240269,0.319304864501868
7.823932717269315e-07,153.96217956688184,225.13326815487565,0.16504037995048515,0.21586262496700576
1.1305283872924736e-29,204.17126678880905,282.63995481246127,0.13832898892766649,0.04416086223653684
1.2488777483220389e-05,108.41653480981252,265.65417362630546,0.3174653593768905,0.3775202590555965
0.00010379618258263626,75.49181485644937,91.86046437663032,0.13245127265187373,0.16194825652346295
62.637734332534336,178.96425424213245,115.78475598096855,0.0838445159048608,0.21125993434353924
100.88651281367093,169.28524676244558,67.90256986045114,0.07024818229043935,0.20107499241464452
4.8822097193357e-06,88.16791102329081,294.6682012895867,0.42984609359321907,0.3385292632021249
96.17297905736763,205.45155793510386,109.09602466509389,0.06882315679979963,0.06143997767127875
0.10962475376261782,186.00252970348453,215.14958898214968,0.13722162237346286,0.28394716182655094
141.04089363013395,213.5343367426861,72.4076747318655,0.06080303011850828,0.027402474724762805
0.23944715062702482,86.13638503116496,102.69273552175468,0.16158093404135865,0.49185871209892007
61.13603653144591,237.88195428381096,175.70609587960115,0.09690258178498043,0.30724506674624713
28.96648195841273,105.51228494998068,76.23841708248202,0.08909926537457309,0.20437482943818877
32.38911901049144,179.83795609150826,147.21835067368107,0.08961542780370661,0.0904390067491917
60.58611528339779,246.32400705540473,184.4969300349202,0.10090407454679982,0.35450159668966646
0.00013044908363211158,55.582606997951544,134.801046221275,0.329960879740361,0.45478804001914513
1.741842446617936e-08,131.0906149315466,188.97505278164388,0.15787537114066605,0.17269220112541603
82.55371789701312,268.23059410002776,184.192080485616,0.09762219656323701,0.38791622943499027
112.92985039625998,261.1774019005174,147.65262468422645,0.07561813790007346,0.15799908897977005
0.3477391779321213,184.61014814863591,224.06752077527574,0.16310129189765357,0.47946816433970885
45.692984174808544,266.65206854162824,219.620613499481,0.10804885148018732,0.3571115623015076
64.32020324014718,287.4514978384066,221.82578734359745,0.10064888572679402,0.32000748473279417
64.52763680885084,256.6017494073353,190.37281469984356,0.10777646524239344,0.4667526719120709
123.44080612209683,263.5288609591347,139.51997850323397,0.07316025869217409,0.14914034588092087
0.00028201285722344923,74.68585045508709,203.27808384175307,0.37518721841386476,0.46333555824356515
0.007894876428754527,212.82608308524777,283.93406665205,0.16415116986121628,0.3454798083795116
25.73116266522453,225.87924703816324,199.22213123649328,0.11632139505339761,0.39025400345670175
0.00013779808862830843,202.56020316165743,294.8975435898563,0.17328595304515548,0.29438496148877663
88.14902916471846,249.90381543400702,160.2516551022178,0.09587390244032325,0.42027424519963197
3.053412839781487e-05,58.64280496790856,234.90299062688666,0.5239910249435757,0.35517526366009405
182.835494993005,242.55968363874499,59.40096966240003,0.06334634950797201,0.09037217685291632
3.0495360758503267,232.93215018488175,241.18165975012153,0.12653571625924037,0.31398134174147596
1.0129067718040134e-11,114.92459832458827,179.57039508170308,0.1692941075337894,0.15407376109583928
62.17669118492569,114.26732470553667,51.32913324027581,0.08541032937700527,0.45962178707230406
88.43044650745166,208.07582935753194,119.30002619564962,0.07383089850816946,0.1151514993008738
1.680872379356041e-07,136.3243653977704,183.70805812995286,0.14590600678235277,0.15714391777822534
7.19556996376366,249.14716950182188,241.9907195703279,0.09917453676259917,0.042874258385445896
97.71024356267691,161.53655800086432,63.273148863131276,0.0716038830795338,0.2348379891443063
57.42008315315323,245.68735369604298,187.26336096262992,0.0976671702224568,0.28764215128213366
46.1347082318953,297.61794590596014,250.248638949589,0.10532662711755798,0.29530931963700574
0.0013171975739230263,125.06208488347502,212.39576371961974,0.22568490287615267,0.45458114238064307
8.047897984231471e-13,85.75145706452484,282.86175374822767,0.382636617775927,0.1867586877442904
205.69232111522425,275.3271090873185,68.68286125369029,0.07001452925536063,0.2348136222038025
65.05127535560166,185.3898447218433,119.20161565014665,0.09652611798068196,0.4285940780007188
15.25781319883751,293.6850927137706,279.80937606404314,0.11645403191974166,0.2968780655513719
0.2590630655098005,209.15110000047432,241.25128707453572,0.14149511251953015,0.3339166087413122
97.88692217282568,298.47825615261974,199.93508611802466,0.08214674043155178,0.15361247858927168
9.133922066447732e-05,186.5177010357379,258.2420359592676,0.16026000120257677,0.25398622478040755
0.00013858977822665992,181.60648347638033,274.0108728937505,0.1826118553797793,0.31805714603862667
2.252432726193996e-30,83.85697576804247,293.1800882132062,0.3782087594058724,0.08402913446971519
1.2780375292676295e-77,138.92629274597027,299.6301267724515,0.21890883152797086,0.03579618396441654
3.4283345758666825e-23,56.55464182409332,84.91233342102586,0.1535566422439222,0.07443728054279654
22.143999636962363,90.09879487991228,67.6355111859248,0.09419226156164533,0.24918131664303345
167.93299696576526,236.40929817687402,68.36666359003084,0.06055558805776053,0.03153283262278808
3.957799523112257,57.59992248219721,53.68594772498673,0.11617190072251005,0.3205802859858664
7.306146034328563e-40,141.63577431093609,292.9550182444815,0.21406296278240683,0.06683965662852055
191.34620283655573,265.58656320951104,73.69172911430728,0.0654419691675512,0.14046153810379794
0.030318789432519866,223.16942937683856,260.4342065464624,0.1329213091019941,0.22471661401098483
3.16850145373769,222.73553551654214,221.2932492269249,0.10352059096661942,0.07559683841899954
8.672591860178547e-15,97.15920023882772,171.88929187072952,0.1922610994585548,0.14986495702278388
23.733983672789606,160.47607018710585,136.67372033964455,0.08838953311388555,0.030118242961045406
55.611514730846324,195.3943518360728,138.41194676675127,0.10635677945053272,0.49282186573302533
182.61811264117063,297.4379269159263,113.4597205867968,0.07519573936997065,0.3135553318982771
2.3406092103060157e-12,100.97655630828046,277.75449342465663,0.31916972666366217,0.20160984264091955
2.596645487682711e-83,111.93322544058871,231.41063637371724,0.20875745522786004,0.032733608533015594
58.71510284176701,115.54327094322798,56.48144819606747,0.07406605659911217,0.2071225992199924
71.35824173960276,237.5431033244982,165.38031331177865,0.08904484109365582,0.23722814066548845
42.82849427603004,164.24383185892322,120.32531813420285,0.10690030975817454,0.46688153300696134
6.853064128448146,64.23235960277376,57.241546544474616,0.09998640133035565,0.15368200248226718
8.50477896174053e-05,177.1290601525599,271.1704735773236,0.18500642538229314,0.31509530771998356
1.5895716889277253e-06,102.99004116091899,242.75133948867057,0.297023603622559,0.33928081019945283
116.82293771180741,249.65106119005256,132.43376981106525,0.071186103424677,0.10926126550224267
1.6058582961151622e-08,124.33284537681806,249.13964688417775,0.23722610388186735,0.2627664075134873
1.620579245143589e-05,56.90150298862591,131.15958055074915,0.3012543381400604,0.39752036617276876
71.19858534449818,198.35811236615527,126.97061095441168,0.0752884235892001,0.0663579365256385
1.3035852983205487,260.9601072327972,282.0272696251816,0.13121702512737862,0.31089694312110183
1.016495779954235e-82,145.25403101555355,294.2290404864625,0.2042185178621442,0.03250876769042876
56.49670820316348,237.46457768153584,180.8888261792232,0.08115832571789612,0.02338242742883631
1.0601358409779386e-41,177.78536957428204,287.98379189198124,0.16306736045112358,0.04857373142723425
9.983703699113279e-06,185.23795124054715,271.99912348161615,0.16977867473096658,0.2510722203915375
108.4219023260662,289.8585802654381,179.50814039860217,0.09680773575308957,0.46433797217131084
107.02686467257612,250.9902228746617,143.1872005243714,0.07896081248290468,0.2146675443867316
5.386449978655119e-44,58.0807666558935,227.58864457990234,0.41696798712706007,0.05601566688153958
62.03363700383875,227.34681280782377,163.9108561605135,0.1035878064173077,0.4334491877518538
0.01678804211166962,166.25037039087653,201.30322378080322,0.14190545096353724,0.26926284102581133
1.6335981127607724,286.887235348775,297.6015492224867,0.11515667271670367,0.17308921708036354
0.0005637429944578172,105.35818358087208,243.47906248911713,0.3188237333171387,0.4822555226166443
0.5448301888080511,116.76800492109145,133.56910124845655,0.15331071866860807,0.4703656488811416
0.4577435183887957,70.3684912193155,72.24955520559449,0.11188312005505421,0.1448091065392123
60.66475190788742,157.15470716594663,96.22639756960209,0.07625353504694558,0.11666808978258572
1.0796055779818755e-07,77.25469100476707,181.71296897295858,0.2892505627701275,0.30267617758691706
52.91378350929617,208.44669015297947,154.27560452671452,0.10475086289142753,0.4244087407239483
4.729720163420666,250.74080934343448,250.16491453230992,0.11195984011391674,0.18162612307762632
0.012493372969502814,224.2001240300446,283.30058454667045,0.15112171590301757,0.30148612230284555
146.7415249685389,241.5528452689426,94.46618698783713,0.06506740454667521,0.09787759974982774
6.903562179302554e-22,135.61352996087996,265.01669271905405,0.20827128342581258,0.11340499291430808
1.2876374406431808,261.4628707569194,289.3487315816672,0.14082321399719225,0.3854409036762059
6.172797090549599e-26,157.19219374986062,289.86765171244554,0.1928514547149154,0.09204726144898398
195.97930120930312,256.0024676030797,59.465646930107624,0.06612905377573033,0.14763537970295718
141.16587367620758,206.62403965607345,64.39587640204343,0.07567008242103068,0.3509575343252813
34.372738356841026,85.85576216756124,51.44934822942225,0.07076413048412314,0.027242867663829974
5.257099416150902e-70,69.59672496373699,128.1702890388691,0.18491075484934294,0.03545331385691385
0.0006310387184742805,54.583160728251826,63.92460317802616,0.12735441366020417,0.15801245121153373
1.0665849130784288e-12,66.68124940983911,123.46562136763605,0.20627784063780752,0.18157912664590356
25.19078481542104,164.64595342710794,139.00412150779664,0.09860415591788832,0.19386373065440535
0.00019133944124972166,78.33548069189762,288.41925461848047,0.497148874198466,0.4074514762464894
1.3053827774386915e-75,56.94583721216749,169.23773062169448,0.3084422940191733,0.03727086447614811
118.49209921629547,238.71537034761684,119.55961060533258,0.07388587288590054,0.19202971742015604
0.08929395161846143,148.71262011515984,175.75129876273868,0.14405415524763668,0.32637350396807563
25.599310134448075,236.7346239018813,210.83948116228387,0.09544891296765903,0.08864197256879487
84.27058863925063,163.1012066866129,77.81141814185875,0.08532579863006545,0.4317145349654915
0.0003406914988681054,162.52168675019027,239.51541453327712,0.17965650458595586,0.32987091597124774
2.7232485745926183e-24,169.51812667945774,262.98644282182386,0.1589349186444737,0.075340844230413
6.943575481287257e-15,168.5009816405485,261.06246489235707,0.16382762316947075,0.11988675679949466
1.6786756879276226,250.7908355285424,272.62670810302234,0.1378591734066808,0.37783919875911903
5.93526718553403,150.59812996443395,145.4605991889403,0.11133680028764706,0.21363518160040296
114.21667325677018,276.17154008590575,160.95129959162963,0.08181532994851805,0.25254562925528323
0.03500979328274678,59.26526198850897,75.39536898654154,0.16714064246224164,0.44597843747490923
136.71223348720235,243.46858568010467,106.45173060780878,0.06596175670111645,0.08597290381963082
0.0018023855226007857,81.4103452844347,292.83011731830277,0.5091279987015599,0.48289894274533646
83.3531434433372,204.62839172802137,121.15599224218386,0.07103374236381896,0.04046224726235835
1.0675726055066477e-29,52.59106533380798,276.8490355602493,0.5653328332452522,0.0677313234823447
2.123370949864999e-12,184.65682064408674,272.6380715945778,0.156699850830156,0.12715444685141286
0.0021866706512448514,50.75448915489909,280.62612431509837,0.7474493867432581,0.4071608394850468
197.7531851296569,287.7984463725511,89.03739111019868,0.07017818219800476,0.23881894753736113
10.484472001075062,276.3505084256945,269.9305358753452,0.1218614672523147,0.3335605482854333
40.62765168279185,248.99173548556735,207.99873761578428,0.09183052391899135,0.10367414600952188
175.7537781519847,278.8185799786969,102.65704460470062,0.06460475367887054,0.10002652780473356
1.7965797352143507e-06,86.38955778959927,136.2789786950203,0.18516238144956484,0.2700072034658188
2.329146950888834,89.43251746763332,89.9796971473208,0.12847703171057798,0.37534094493450637
6.09533167570251e-08,96.9079182256085,161.08703936153182,0.19188173149448415,0.24198774330321363
133.3665340880603,205.62397557498028,70.94373846136513,0.08055456312644442,0.43741476085813413
183.75959284584627,276.45237400207543,91.32962262005995,0.07521700959379042,0.33699772864190736
197.5814394187796,297.4887945897684,99.29908661666732,0.06579456553814318,0.13956324245692775
6.251853358589756,227.780614691454,222.75683538917605,0.10635868606970558,0.13275306598501033
38.84180179119045,232.95010228557382,193.45071729133824,0.09777419165345014,0.19954242409619338
12.667161602825644,277.3233011360636,268.330783509183,0.12488145429334183,0.3831757070221843
38.05645965890484,150.21843309278023,111.15851642980202,0.10782745234061168,0.4702100788686955
0.00031608580483654183,112.46267005625919,207.40198917972828,0.2429782187972507,0.4337148796730398
34.55462456616092,93.35754269678071,58.6078163267739,0.07882410118302663,0.14557318048780243
2.285519435453614e-11,79.86426258343225,179.04961526926726,0.25944426587503794,0.2178938854297135
2.469846406275927,253.15264700820717,265.8066204284624,0.1280787547041868,0.3135411677361543
1.354647996907881e-07,86.6980933543108,296.0316359712292,0.42345980604894945,0.282480538791588
63.257383849688594,116.07437068172517,52.46824383972963,0.07239273474038509,0.20685197379630352
141.30736058399498,254.7722946583827,113.21037051920378,0.06540631501668133,0.06868197290301283
21.03829900558165,127.6468129485525,105.96241758188134,0.1090194156154607,0.3618775061106827
233.4476844913454,295.6043623232357,61.88439855694013,0.06265814502072194,0.062304878684208254
63.37947727929396,116.6596755379088,52.543114065443916,0.08418166232574592,0.4357171660993854
11.992075639658154,183.41333624280284,172.54882806105792,0.12607229161367148,0.4344552513596646
66.57554246555387,128.6167527964624,61.37053641757352,0.08146689079351835,0.36005637992737893
157.08762720917207,277.69320779345935,119.5820327117255,0.07386205663277305,0.25348379542768934
0.0006321715069290516,141.6391609628086,209.99364227722808,0.18385035161527563,0.35559035139819994
34.253782997490916,158.39808181829113,123.67301039022605,0.09417153771827207,0.20959378884884722
59.634113076472104,178.07317306959035,117.41367528976286,0.09627059920523598,0.40279807246080734
85.47101231772311,284.7216193424283,197.63663056089177,0.09886738600706314,0.39748019949432695
2.3072984151981742e-29,57.73725156778768,145.13351930241,0.2690116991152294,0.09465372025933841
5.832145385944983,229.2196659079223,225.63075849035022,0.1099741117125176,0.17255242416828692
97.9996611597418,272.75473857308475,174.03098781246527,0.08172706275761885,0.18511192485727535
9.287611807059882e-12,56.821805879367204,208.3023164516194,0.4294030068390156,0.19480174335369235
41.41572639103373,180.51281181312768,138.34858675040735,0.09832149081612254,0.2919898672101914
9.662459630371828,131.49745294250633,121.76098653887716,0.09510713991450975,0.04000997240973814
180.26389877232847,264.87233021639645,83.30177843777548,0.07499687502546086,0.3367854651026716
4.136797122394019e-14,189.62913773062945,284.27009619974103,0.15800266651311848,0.11678324434718448
0.10196546577819099,222.55696704068697,251.20896150394864,0.1284145563967478,0.21990202696309188
1.8387998410202583e-08,163.21337498788438,284.5071357890881,0.20095356913026796,0.23642847512033596
110.16893825976834,207.07725938033929,96.34513116195058,0.07198707593468393,0.18738884938287004
3.6112673674753124e-12,122.52421292185646,283.2889407058064,0.26559318978917135,0.203974548861446
6.148614759752228e-18,52.33714449162895,283.93830192303324,0.5985804373710131,0.10654690920692449
73.1557733707056,194.1889837467727,120.88612840091363,0.07346497471549218,0.05270242754915572
9.130837224269598,127.86105353311571,118.65856210596574,0.1130130036173558,0.28460319148920876
1.7714892924546533,179.31689962528245,187.8578934183431,0.12718361267858588,0.3060161338959925
182.4119432242235,279.10146326347444,96.32230984213808,0.0636923462492876,0.08983989882642023
0.9660548611586108,156.618697125349,160.52527765669146,0.11062080476934238,0.13085201999461957
15.270966915750606,111.84900915059634,96.3294114844211,0.09761162785962847,0.15746102313794355
0.00014098488035625602,142.82344031976362,286.8439794884898,0.26355150343796185,0.4187606561141244
109.12817409009844,282.96527915913515,173.4561643727714,0.07505976570522928,0.09364205175795792
4.2129364031596594,284.21709532727346,290.9794418559994,0.12288186383937985,0.2850266276256711
48.7653561415236,261.08248714142826,211.23541812805294,0.10219433877688835,0.29270706449225237
108.22890230173067,280.0516285764151,171.0789432580964,0.07988981526310897,0.1848416446921627
2.1808013470687673e-13,106.97507248782924,291.9238114902994,0.31358468467989137,0.18829625086733773
0.17890357224818354,71.87055238839773,85.79744542719071,0.16062488969406075,0.4803737684092171
1.2817867750167426e-07,106.82743407117219,208.08246866662415,0.23373222723199474,0.28560509574056997
2.3815257357421996e-05,128.5941540285126,215.4720919591994,0.20572184738173116,0.3333109764324583
1.194333406680569e-07,93.69146908907788,158.4599567881815,0.19720999974210512,0.2555552558933184
135.95816134618383,201.77354049311512,64.83930633473938,0.07476171837927088,0.3303919912024595
0.25433802358376845,153.39660375029035,173.1806502915083,0.13655098087866138,0.31052037704338975
87.47772291203478,254.08787795680354,166.28348587951936,0.0774897589161016,0.0896831806016459
3.497402085296807e-14,96.28259956725766,251.6867026937159,0.2979680350075508,0.18064665578460473
110.5177689364254,225.4691324390776,114.16524748824406,0.07669846259661606,0.24100831686028804
1.611406810843757e-14,110.08890621228471,147.85759074606716,0.1378326035754437,0.08135439757106473
82.96987464557097,193.55477221021494,110.0430518053443,0.07774123264469313,0.1942751953301591
5.639082030978192e-15,137.24689930519722,221.61085379309102,0.17218313641611474,0.12950798446060266
0.0014172799557473602,64.24109987070818,297.4708633342789,0.6354794394863612,0.42680124908979294
12.5705513942019,107.20341774009397,94.35738421706547,0.10111923221325567,0.18390755841022333
0.0002305720297723357,216.02563883869837,255.36168505657432,0.12587956803004507,0.12885887391980713
66.02497796494158,174.31252334013283,107.74713982040834,0.0821089550030075,0.21592707336909545
114.34694992539706,179.75399601841968,64.49395334319176,0.07631785912773353,0.3478707428586785
8.907932709210243,93.68003752723062,84.70412951141842,0.09406797431053047,0.05149855950148392
8.465548639033558e-15,192.67896288656408,283.78827888559715,0.15406820488846132,0.10675002252943509
26.465789430184316,299.1883563020525,272.135525839057,0.11636930457490219,0.3532673306833897
130.4912816763162,254.20877719790548,122.3151238707275,0.08280195734987215,0.3810831703059647
0.0004086309080079259,198.59315595774444,286.9410165254017,0.17451065417048772,0.3165220542128326
30.645548358099745,293.99726708272624,262.48263380785477,0.12141559154550488,0.44201530905756586
116.32597538215978,275.3906461673303,158.66369851791836,0.0732545853970583,0.10102409123724494
30.903077436858524,198.90198340066138,167.0123887166182,0.10965548184689795,0.3577029114566857
0.0006616280743521677,58.106581328614276,207.46325539585567,0.49809516669624665,0.4602848763584041
5.53400293991977e-08,73.39427395437019,89.50795874095317,0.1263782684275969,0.09235503636946793
12.518561824483179,66.34292876055659,53.69552168552323,0.09185521581615232,0.13700670915016694
45.899397742946604,162.93328717286883,116.37800436809646,0.09327549339999937,0.282408594603586
89.60873718064151,143.85870829196443,53.86090798569022,0.06873499135582214,0.18517728174847878
73.7444226832879,293.8375085675716,218.62471104056436,0.10026223855181207,0.35150675877554916
1.981678286043078e-56,91.99582329990372,187.86720895319414,0.20826266651069175,0.047632456844051596
162.37050894131113,293.1968979831638,130.41203640069443,0.0667672153212764,0.09716678831526071
5.492693797356864,241.86871721575326,245.05058427993964,0.12828856916083978,0.36379438711021833
167.79560281443491,256.05945990612446,86.44635780369427,0.08290631638882195,0.48589697524829306
95.53513768045468,208.1539541944993,111.2201596904709,0.09068643425053495,0.4661841807259235
92.69125520973422,217.18319255168302,123.07844050982094,0.09212262648965233,0.4525121568429506
70.0393641173267,169.22058338029834,98.98298662474804,0.07273557778525801,0.08131679067372477
9.267650500649487e-14,53.28408923076806,71.98467094265084,0.13950344590559588,0.09004588067436967
6.797757289441488e-47,138.25152138545621,267.4940450679019,0.19760831505210166,0.05468708327113887
100.26475439312621,173.01795037338962,72.04716139287751,0.07467953558974777,0.28041931190949965
13.791338599819142,232.5228027725261,220.92758395540946,0.12785668035340628,0.44359336299313834
86.39015953491045,167.1570856865273,80.10021921443084,0.07710414627181704,0.2752601120321065
110.72584318680653,164.35122902235793,52.67475078604354,0.07798906770133888,0.3952233369900512
2.4092466310110942e-24,84.41568523640079,189.31705751872843,0.24079827141444293,0.11045781771740555
0.0033652775539497887,52.72218345086975,276.7772638050927,0.7230225729202979,0.4342934048798408
0.011925515148880073,239.56956511924906,265.1141668342213,0.11678278183832438,0.1099638899481687
0.07373043706516214,129.9882095194196,134.6128460295625,0.10509793723390859,0.046286780511931164
238.33302227112964,296.0958625483777,56.78970733146556,0.07060281558763194,0.22231568500548707
4.0790296571627224e-08,105.05855653978901,250.21483878250828,0.28997226469878123,0.2864501264040505
0.001497947908077099,134.67700637041992,251.4962330724165,0.2544920994768456,0.4859561645702694
2.906597719717637e-25,180.97403391653293,267.12202907569304,0.14977063097080337,0.06404184005177191
20.834171082055292,238.72286426513318,217.41164996888327,0.10158229757451807,0.15148068475018636
9.946995773461117e-25,165.96444597507391,251.94471557876912,0.1548665173349602,0.07045139315938374
3.183403340211553e-11,81.20563577791907,274.3745705757051,0.397987229008945,0.20741102563405586
6.772522097062898e-06,128.12534462301238,163.45748762250307,0.13836328970118045,0.15872531993012945
0.7094340472390144,176.12979242524867,189.4563259287276,0.1268164459217012,0.26638416774459517
41.35004606414921,218.4622520042169,176.5327822070587,0.09501790674217934,0.18716320724035854
19.959912389655983,242.53748907802304,222.9959761310547,0.12618418672977727,0.4655494487600485
2.9107796444749023e-05,82.58394523858857,220.7267169074687,0.35323117242844765,0.39917494226385936
0.00015775455389625262,55.72878283059544,180.0784089658291,0.44126232333298016,0.43328545693470827
7.949964899511809e-18,179.77058055299736,257.1170370213678,0.14692862904816975,0.08216045405259001
74.9858275237377,252.49717766560408,176.44484669746663,0.09286304449030332,0.2960336801545827
1.0853949868722035e-16,53.15094175746908,256.21464059630796,0.5391189479909614,0.1230956172247322
96.28450342718253,218.1174611634335,120.46127203581074,0.09020531940186044,0.4367545142916267
126.99045605349565,221.70205666424795,94.62370824437207,0.06288314826055721,0.027209322441643556
2.430435587742807e-33,162.3116883966594,292.4676425861785,0.18533879379876914,0.07075722326242503
42.42280524102273,278.69717168548357,235.4848813640192,0.09911860841916581,0.20050739626271147
95.49345657335063,211.09027118924823,114.94792332610363,0.07732824228522772,0.21300507492473286
3.0882045314875352e-15,51.30995941286646,195.30883557279293,0.43361032105008207,0.15306563982976765
1.1258557897669671e-32,171.1071113785939,288.81556338454675,0.17241553788628267,0.0661102394047708
194.34071409583947,264.82945152440004,70.1884769530197,0.06259428277223439,0.07699059445404492
186.06245965508265,257.59989250933484,70.88355176543527,0.06693265355745207,0.17261348184672026
10.991435882174855,212.2885492781195,204.7837078549768,0.13220391357363903,0.47638056035730586
111.92256732053653,218.4246059746579,106.12336970898943,0.06954149500989619,0.1195551511132755
0.0775229202477794,194.62489494730013,241.29598918337703,0.15609795740556376,0.3786945541084268
1.670840048035166e-13,118.52994379171304,192.03813573727626,0.17455459183965114,0.1439305587235923
1.3780793044680008e-09,190.1324976340147,216.5470225558738,0.1139001874280151,0.03787532269317671
140.8905543192966,217.93244620435507,76.9534751986481,0.061042689312109114,0.027705060400189795
66.85013145983014,138.10740755410222,71.0707628591392,0.06959277168839234,0.09329884696696471
56.771057744746656,263.95709181348195,206.2802670763724,0.09633232281939755,0.24180041263891622
0.0004884777796761823,98.75937150217683,152.43281528350514,0.1950688656582468,0.38283252681814645
163.73345500822654,236.8302025829808,71.81313096799545,0.07653610014267934,0.3698311673336739
0.006122871167866306,122.40068654671936,142.76598625404728,0.12964302986506035,0.18914693239185762
24.66448352443419,243.4498218110455,218.03610241421217,0.10727502030182112,0.24998685380619853
58.61352864476163,156.93433233401908,97.39685004789644,0.0936617870886367,0.4107554016203193
2.119927742592232,251.92460227805236,273.93227713217607,0.14192041929152663,0.42243339506190997
3.849763992971071e-14,138.3837156669976,287.4615972200219,0.23189618812020782,0.17356001620063302
2.483985471598819e-130,103.4233094073953,290.39313560863343,0.2872495238581487,0.022047208835411426
9.208581450500219,241.82112710544163,232.52063943506505,0.09830939429454996,0.04252680474859167
0.11571500949399072,127.16048690766277,151.57210692207877,0.14986184798647453,0.37414754124991234
2.657468670111939,233.31126693160687,235.93729908780492,0.11087452230984093,0.15086349491480383
113.26448626537862,236.11828826943304,121.99671981868788,0.07778272033132876,0.2511131898495931
1.4256235747540284e-06,105.34917522705027,128.60430559768656,0.12829125702602234,0.11217500769494926
0.00015990482567211205,103.52803420516211,201.47409030446448,0.25612283599128327,0.4266141997194533
1.2371501520359064e-08,99.73698085676668,198.7117833519794,0.23559614867266468,0.2616212526255455
3.082994445005738e-08,85.62958444146116,269.6652440789528,0.38662764302983094,0.2730368843466855
30.296330607832644,144.27064980183354,113.65018891514424,0.09144904755563295,0.15827820228116232
2.275662885275362e-07,56.65697117290537,241.54709130070543,0.526010944305768,0.265759630718683
2.176026349984779e-124,77.73009225856015,285.2533167047253,0.38000764239023144,0.020942549783609616
167.88892854109665,218.64100594085264,50.258233164433655,0.06642077402525488,0.15310161936474082
80.25189789333538,249.94413422434656,169.02227950052622,0.08456727455865352,0.18740623209844923
2.602388909806518e-16,70.13238178209647,214.26008225618233,0.3456246644663804,0.15629642541873726
5.106193141382037e-46,107.92557762144801,260.8308034798806,0.2518514336874181,0.06125706923716055
6.106199521664536,101.90641545095359,95.93485296900043,0.11326946985476859,0.27045498043234806
17.018023835423293,279.3333907704076,264.03980949684296,0.12368066298312441,0.3984699840192873
85.19505436709073,227.8286295341217,141.09136996425698,0.09730279597219503,0.4724472490919225
2.489076781831529e-05,188.47115276285356,273.06848231904314,0.1683429778989964,0.25869910021599846
68.64319446489286,126.12949698015505,56.92793503059125,0.07734281142827325,0.30500185201061286
186.75869539271906,258.7135119079496,71.34753478079266,0.06632782477630116,0.15961277014902586
2.7231200360751254e-26,158.82648940738,295.3526164385281,0.19451759950364372,0.09159656428169063
78.1547153971492,280.8640537796938,202.37548144337416,0.08169611667275266,0.08329841154965172
70.90337634998005,226.5129510839833,154.40808670354582,0.09616795362922557,0.3715331724173877
76.29406318201819,169.50782699132083,92.30354617342263,0.0860476010688326,0.3725453289679685
8.318562268000588e-26,81.55252593733968,212.4752882724225,0.2817760052740736,0.10608800798558489
233.81798164981046,294.0108876169369,59.24376708983945,0.0701303271927709,0.21850898229238008
0.00018320972670258714,89.95841258602334,127.90347836517617,0.17038880807597967,0.30518927738793894
8.522654007629947e-13,100.65053130491565,130.86979924726882,0.13335461037615187,0.0801353341693514
0.04207132137669101,157.79543879009273,201.8604733786384,0.16285852647383883,0.3969770959370556
0.0006262474051166277,151.0504764437868,212.70781416892427,0.17013502953477547,0.31759625759371474
5.929121266003482e-07,86.68787019107353,261.51364980911734,0.38012702514689317,0.31530641192405817
0.11069905484432985,232.32972984028083,281.8952356493859,0.15069085950386774,0.3565798841209435
0.0007392282709801253,97.1862667192965,215.11443190277492,0.30665521520479055,0.4938478793918597
16.169633956204194,210.9739110779157,194.54347960213454,0.11282873104431611,0.2899493388594455
87.41132717698619,238.57648764407466,149.6788859072521,0.09565774966715564,0.43491980561520704
5.5103634006343196e-11,102.68309802083019,291.65312316053553,0.3346491929540187,0.2209801640274396
110.7472220117516,200.23856202691,88.51979295808935,0.07844267812460033,0.3341452885891685
0.917888690636822,237.23209381145912,273.7717021621621,0.1539769284636868,0.4641253701722078
80.78245358778315,209.55467765508337,127.75326697121038,0.08856911942630247,0.33879239150915613
11.987578026270427,199.28182573666226,187.122272416526,0.10517422646803978,0.16547872445267175
3.942762768381359e-06,123.87057141387426,220.5165646082037,0.21700724189714674,0.31757393305358234
123.146724346768,232.9016178103772,109.11741283153884,0.07219187180771837,0.1886327937719324
193.65950937145504,286.32710999998744,91.9341712625679,0.06726509245865732,0.17473600406452136
0.2448021817534478,156.39034756538672,177.120503357404,0.13717041751878786,0.3128984281982577
2.0713782067490456,245.54545420785132,247.9659688961679,0.10660549075951128,0.09695515135442578
9.456625107750445e-09,64.03525991547883,223.1036155417689,0.4240998218722378,0.25363468916372156
177.27904753830614,258.8179006224915,79.74333429325371,0.08185604155942185,0.4739044567934678
3.978576681478797e-12,98.06250420553692,275.18555376793324,0.32661870086615424,0.20427883614969822
0.0006421619281571228,148.7742172224933,169.93439176228875,0.12032342472750784,0.11070204475798949
9.802799750797773e-10,125.0202614813391,286.66916980991186,0.2707498348644931,0.24504269582824686
6.628788318880914e-05,70.02591095151232,188.35842656206643,0.3612729776136529,0.4236357590976956
203.23474442019398,276.15775073406076,71.20045541508821,0.07929064608212857,0.42448050684561567
41.07523815809019,142.53854438843456,100.6157589186339,0.10117427154260698,0.41734555494042663
1.9235726442194893e-59,182.67435961903487,263.55949322909566,0.14231077163900924,0.025508246050790415
6.935727176391978e-07,173.52906647408128,226.48184169117977,0.14045835742151627,0.14817934876558167
0.0018412961280554925,83.04028548573453,273.73488003823104,0.46990259722404054,0.49994037803564595
2.6630405373027447e-13,101.61351472235825,132.28650044857494,0.13326213701153766,0.07744797305239352
1.6199189364831512e-09,69.04720225808029,182.00034915940654,0.3164086848522813,0.255242958122064
0.18214900007790824,176.98042498632185,212.59953312102996,0.1534509826025668,0.399212552289289
3.0252868955075388e-28,115.38738795824678,198.5727133966661,0.177553847736364,0.07866267684505096
30.73193671819169,139.26540222069798,107.86573388356194,0.10210973040596698,0.337956406731799
3.749419279307924e-09,77.01633217430921,156.7053373620589,0.23975201430881163,0.2542786138502356
134.45370248931096,246.8879599131268,112.02786601504371,0.06788007884610577,0.11325919140136964
0.00038356195432974385,76.64596919720027,261.40374055778636,0.4693899582397524,0.44174241275970577
3.787486420662418,296.427205928297,296.66936124202067,0.10654282021147113,0.10711395082771057
27.208358871842307,94.29029110960434,66.64270078309482,0.0954459712094655,0.32674537246149216
0.21084615696168818,193.1012781086623,228.48200806674032,0.1489553934753211,0.37559690153500597
4.301435703019454e-08,61.21133364727203,132.52888804976857,0.26248279263087465,0.29008298556474954
39.306073321393626,246.77907241395854,206.35884457785824,0.10676189800866874,0.32184395292665174
3.8670229303516097e-07,97.40148695457412,114.53241232046774,0.12073126725603917,0.07710339037856213
0.0036195682746245073,181.97599460203165,212.7519023271238,0.1280233085518502,0.167857753786175
91.21434378691416,235.0193857897679,142.78679611568236,0.0862705242387164,0.301741859470246
1.146140934289933e-06,87.48287122931399,123.70521988424092,0.15884453709291,0.20982258382760546
0.0004901381158869053,187.77179354674294,277.9407934244497,0.18151820033120042,0.3386941190877443
0.0001267230652736138,104.15430208219485,285.6247185565519,0.3700278190968689,0.4289382295060632
36.03410874283776,239.79901232928617,203.38750664003388,0.0933924719511987,0.1113066028698481
125.59439008891938,230.72879838905342,103.61694520767315,0.08507836454995334,0.45357089641776077
6.5388915529172195e-12,94.13725856927076,284.8547177265399,0.35365290641130404,0.20392440820692476
27.25508084562216,265.49163941676835,237.613386680831,0.12403579797508685,0.4726996787495622
7.72951300413412e-06,54.943774879086064,237.77245183070153,0.5524385843061713,0.31634351025198326
160.58738848857215,265.0592493557788,102.93033371212155,0.07975702254190682,0.399245850150032
0.0003402310799080939,189.7259527902346,257.53913154057483,0.1585090896487205,0.2670922056191485
40.19090032576432,150.8051180264623,110.02378854030252,0.09407057808103081,0.2749494533087882
31.183025601728076,239.68673275558416,207.90518631254005,0.09951271694488031,0.1772450714076665
3.403579092243149,229.23225042311748,227.68489247489657,0.10397810144805596,0.08209505946913064
60.375841046516086,296.8315437021066,235.5958574267754,0.09491619815951463,0.20423451769300335
2.1970763952806785e-06,119.5212621532457,147.56617614989523,0.13071520031570424,0.12318871078000526
4.197295011338831e-62,50.948418102335644,239.95634917902436,0.4949012116574585,0.03577532282331995
9.072776487151657,283.47565207872196,275.7339755304275,0.10730902979345568,0.15194567831612454
67.2174105452689,264.4742761344735,196.85500480939422,0.08483458083818278,0.10667650528009133
158.1138086914588,232.212719379814,72.60242892369965,0.08017891197730202,0.440254551218299
96.7745714888139,179.1721957303846,82.24399603556901,0.06550271241132655,0.058993549967074385
150.0637555480289,226.73906131219024,76.31563166569673,0.06439726379794557,0.10826988755930396
150.6712763248133,245.13238921918568,93.18186583072,0.07739223263308792,0.35793473385744046
61.15801681537195,143.71898588421485,81.60772257242125,0.09271258665774214,0.4612284276897312
2.8825591473247982,242.5806313324894,244.5752225169069,0.10979939111669648,0.14070005707132835
177.69728947037373,237.65607979379385,59.85287804611107,0.06060183916357535,0.030224543101463157
91.50460939028213,203.30280288606494,110.389604335216,0.09212293666738551,0.4810421469224479
2.034153927056397e-05,150.46648099195934,269.7666003396164,0.2230021288336559,0.3474659074274963
6.072447453787434e-06,224.32700481608524,293.3797152090734,0.14281658728590416,0.16911809411065082
1.623146151986217e-08,50.77821445629802,201.35550193176203,0.48237514127573533,0.24673925226331508
0.060912328378817104,243.72416168114944,294.0595661400971,0.14510807223316055,0.30764281946180644
212.43454953231105,274.10415061421173,60.86288542874419,0.06873694608619865,0.19945691459136422
0.00017321692967854326,109.82892685937617,287.1431920940019,0.35412444405730326,0.43975414237816496
0.00014415068219566368,80.19179607730743,127.82402061404179,0.19983114568441454,0.3685628423876612
0.0004987119492411429,105.0709969484319,249.74321009039824,0.32770870450284034,0.47808353821962135
1.1132414973080282e-12,125.52418282252457,252.6572758617254,0.2265529411989769,0.18851145096714159
11.843028698191176,270.7571271409586,264.99964789508624,0.13329040520717622,0.46984356258645493
20.544179146888354,185.79160755952364,164.63770272562527,0.10637371631561986,0.2499682756283571
9.846253509445871e-07,121.67791240160764,282.6610980413621,0.290328720800556,0.3283148665512663
0.004329857991051539,84.58867244823662,114.47324610675997,0.16959885930682847,0.37359065828234594
5.453643570757093e-05,122.53611577613542,283.6113731323961,0.3047280448052398,0.40848222512272647
3.4007644597265454,203.46777243531315,204.77990831291513,0.11505877359254878,0.21020449629569302
3.3729841730535044e-10,131.03463247436167,296.36122873620764,0.26498126605204564,0.23501406968709013
105.18984592634061,164.3400454227496,58.16096649064809,0.07946539305983075,0.41229297253412034
0.001816559386366226,161.0292767541536,231.29166470817708,0.1790259442995857,0.3644274574836584
63.923853614525854,257.033840182878,191.38855884509528,0.10836640565795459,0.47160762049982907
1.3898686369822215,156.58703855905765,173.1060118495799,0.1503958062094367,0.49020697828056375
21.415834077543877,136.42470529387558,114.80453141268424,0.0924828760798436,0.10587840145560637
86.62809953130721,218.7429012022763,131.70767121659378,0.07630546505533933,0.1294013176701225
0.9535105773347361,105.37051393338218,112.36555167534694,0.13423626651059684,0.3636734946939425
61.089174675986015,166.81145598163846,104.81697758126519,0.0923333043597287,0.37874371263403683
8.52254189299056e-07,128.6914218310041,249.9152093812097,0.23673901913046083,0.30952618603161225
29.9463658570927,206.71390054070866,175.5987514745646,0.11674316247613044,0.44110388682632545
197.98375243769243,269.34011867370316,70.79747217424944,0.06550950266715547,0.14095542181315449
7.393939900834426e-09,161.92225003640715,244.2460480068451,0.16655956031158214,0.18295394926246034
61.80076796568332,246.1143546979808,183.41226902093274,0.09426308847988116,0.2574304870913163
2.8669219072883033e-08,164.2414251403876,234.8469468365955,0.15641422844497108,0.1712130027049124
34.358449583876165,214.05733292928284,178.84842328578034,0.10388119441172332,0.28181076288406615
1.018601959534187e-05,82.96024375687554,149.98648099628292,0.22500538596397965,0.34758947806301327
8.239918343900102e-19,158.24537674191203,296.56169560907375,0.20093845715261552,0.12577611255377352
219.23146681274898,277.32799716373415,57.06065504072817,0.07168149604420244,0.25296197790482267
0.04829965069099185,201.36975025773367,283.1909769912146,0.1906687943509661,0.49663105166598964
0.006401128612572304,241.69364680927552,282.713741939992,0.12877706562954852,0.17559742552699276
28.353255488506562,176.17515202397357,147.72967787536453,0.08779137981001138,0.0369737213558307
69.86437785227878,174.51390620700187,103.61621778332994,0.09172428848980023,0.41232883005632637
54.95417443105393,260.72496004821244,204.80332448330975,0.0979868532463676,0.2615872561278379
1.6381077602332543e-31,66.95173358523843,94.49308386754237,0.14117638036096405,0.04533625093691385
0.0820147122307513,193.31806788742117,250.8020485820021,0.1705386830236803,0.4473464130676358
171.31517209672592,285.6906438582373,113.4834639694338,0.07076340854599254,0.2141669023905717
55.57042226490718,179.46501204308046,122.70153875816948,0.10235787196726837,0.4660511274273905
1.6374256933444466e-11,98.61645238197113,278.9789475024893,0.33140514766387813,0.21299752342426953
0.05440081128585028,261.98484811086905,275.72920836860226,0.1074372557836331,0.056879496691846804
2.6340758183790247e-14,112.90978558896322,183.84522293263043,0.1747034134172226,0.1377445491775965
0.0061111154890400865,225.1815091206345,265.7097451446539,0.13097991432863668,0.18812504273945732
45.93179124229772,185.06523509922496,138.13314220126546,0.10238505558612108,0.38034958033050803
0.6131110370962318,287.2090720700549,299.4710695562256,0.11056550398391786,0.10867911312765616
46.99756290683993,206.08417560066897,158.42243485124425,0.09427411584513033,0.22686735378841968
134.14203315717782,259.4944905119323,123.70300294962384,0.08571184516516678,0.439157801511665
0.023604504226419465,51.98321904863077,60.39355848729181,0.1370737313824965,0.2762053238589359
3.0541815297974892,297.3350140416595,297.4267384466855,0.103677582753199,0.0695142654795472
1.354688024256619e-90,69.42864258309662,166.2219077279556,0.24408009716730686,0.03177079378622347
3.022732267635858e-05,130.5323784036924,233.64625351259266,0.22427818013764278,0.35878870455730333
74.34104930209969,286.53809886419134,210.20190601146865,0.10855625558919482,0.4899811956599442
0.0003141547883567827,52.23477559281127,230.77334991650244,0.5946621942627421,0.39687932621710725
191.4488712580957,255.68250135548388,62.77772595652907,0.0775298944886505,0.3870685744858004
2.6846358764848546,265.3029095916986,280.0113513524284,0.13131165526441677,0.34421480752544953
0.0002398836114117977,159.95770355214313,281.7103044755604,0.2267225669124535,0.4018413009433593
7.104444393529029e-54,113.9362984514828,187.9987567885493,0.165125952525339,0.03920853712286897
0.0029363390008000645,250.67237990832464,290.9789721711378,0.12532683315670431,0.1470471832240899
48.37220077568037,169.4655011080553,120.23888424759187,0.09739651137994514,0.35379081726634515
0.00010418016180767853,83.58465216392403,200.5366567841363,0.3223367533696197,0.43615439821171703
131.44745058625156,281.9622482062527,149.11567251315597,0.08347736465771902,0.34381129847207564
66.57872947692454,273.9924917516621,207.00580793880707,0.08555774869890542,0.10461254143204718
46.57388058290971,172.88628750423385,125.15807213093703,0.10625432017086124,0.4694280607739327
13.391281083606287,264.175624129448,254.83959616400506,0.13032132513993314,0.45362177605320936
87.05932779477156,154.64450644102465,67.44649462605213,0.06478230551127473,0.061605807747251065
160.0307828042146,220.8662250415753,60.46939257499907,0.06417521346213302,0.11264001803564144
86.81737212524706,149.49765985198061,62.34909615832858,0.06840406426426336,0.1520926546930528
87.86636315942188,176.4355043627026,87.61375709191586,0.08327889402429764,0.37443769789021125
0.0021449811239615327,97.38792570848182,148.83761844867257,0.19936122269861917,0.43249919758441135
8.198662241405458,291.2472310277285,288.84749731429366,0.12054357211914718,0.29759474597674457
45.64957931656757,123.55392206106367,77.69885992398905,0.07725938120571332,0.11582987391279786
2.881676712725508e-11,75.86488902910034,211.8882464541068,0.3283415202565994,0.21924314605825396
4.854785703638774e-31,86.07885005726203,181.90537711408732,0.22208521821426638,0.08617241612677143
0.00016289023998247547,53.52307354811074,138.31060149576476,0.3543437761752236,0.46035016969204373
128.14980377900713,228.98642486559862,99.54980733004797,0.08088000128589763,0.3869748513970273
85.24597578016062,191.12458006021853,105.14852046183394,0.0804495265076867,0.26490264022691723
186.81867550145506,248.64458779618803,60.95537743178673,0.07020026395156825,0.2377160207220022
1.7614387299859522e-14,176.7699808210341,228.29099328995363,0.1312230863432031,0.06696419760587355
33.890030949428365,247.95525987603847,213.46004979906374,0.09864059772325715,0.1729641710241571
62.74960806603511,223.94105356795987,160.9424481811806,0.08124801688963079,0.0779037417715503
15.83805795918289,244.46211921479383,229.7348720224609,0.12285003265541719,0.3955222704138848
73.50957027295637,151.6207172442716,77.4939931113301,0.07909039333043225,0.2815441792045734
7.059489588113409e-09,211.9426582968703,284.67979334223276,0.14259604902903306,0.12909314307927625
7.196071011354305e-21,94.9485744232436,261.9066773098469,0.3040202647714775,0.1276173628428494
1.0027927704860855e-13,130.454990846976,214.75891491647081,0.17762336847455223,0.14499113480757705
1.2887524648934933e-10,93.15115502994811,144.70779216543298,0.16995478288214785,0.16825892111180285
2.1295218300071355,152.1593062533156,154.14168225368687,0.11538676344761732,0.20609846325507672
8.307714259787214e-11,110.3546869913997,170.53848053936684,0.1683972878915168,0.16282348754107384
1.1877199445812115e-05,151.73049853233948,283.8209425017002,0.23307133702283875,0.34618682937591216
27.754849584629824,293.80558560932803,265.89823872952564,0.09314544261661964,0.036835337266437874
8.739360365876908e-06,130.07983145550782,169.48096230413984,0.14311693132219697,0.17749295116705668
105.39405925715988,295.6227362437238,188.62962456954176,0.09302675355913975,0.3777400989718474
0.14177965306263296,209.07653146399588,268.85096556983046,0.17176966906845814,0.47254783283613666
8.861372062106193e-05,143.77275459847775,287.3161084430725,0.25989689154825635,0.4053116240756246
54.06621068731886,264.37112477089914,209.79618896706148,0.09047529466126206,0.1355965805943459
0.0012768087803773503,204.89668484214346,237.13008002243842,0.12364142502972574,0.1317994248242392
1.4254025218777752e-06,113.00827003270985,137.90622659011066,0.1281745119324229,0.11136166146425078
1.2776553469538996,248.2139194942219,279.507079771545,0.1485502696880883,0.4435988167321325
1.0106049203514721e-14,158.23462718354077,259.18801246345777,0.17535564683800384,0.13417072987578552
0.009550390687624644,139.37779183261034,188.01397030619069,0.17019570258716732,0.38392669923830114
5.136468513126572e-17,132.56923413127024,266.90680240379345,0.21989265759149867,0.14530387107424955
3.725338523292841e-13,224.34221890328485,262.4679703600831,0.11664170680564762,0.035879284835607504
1.2469370218657196e-05,117.16253097655664,252.10283915153545,0.27527229297888806,0.3720548960330076
168.03700360864414,252.06950342634502,82.67320609934701,0.07675535077498341,0.3685768687016964
1.8103024445208038e-26,123.82219859996195,184.00064370545303,0.15066377516609927,0.06270037326130566
1.038790694687463e-08,186.0303458963393,275.195778676729,0.16256483289607315,0.17681660380620876
0.02822379527660357,171.98037295130058,242.70795763845757,0.18879809884212145,0.47521533929073084
108.28763332303177,263.83910314884247,155.17829975629795,0.07380608378762331,0.09821551931944855
0.004041285759876834,272.0966085988465,294.4700983399914,0.1105451257230053,0.06160278687339685
0.05242443768739258,96.09611059194168,112.69328916825057,0.1410235899147204,0.3054098662935804
61.62665495514048,196.33711473456276,133.40255721197443,0.10203451895953922,0.46687513536606656
0.20601341448266375,274.5512615042843,288.55012685739723,0.10942645582890434,0.08421358771668387
3.4940094681908975e-06,161.52930475860742,252.17883704632243,0.18271256939464148,0.2662459009568085
10.21880826394252,280.4670763709538,275.08500112766546,0.12348646277175333,0.34831962277613965
66.67181410433331,119.74772261424272,52.897397352473796,0.06690628830922503,0.10247828461127702
57.193326542362826,202.20779354844893,144.94110825849867,0.078100931089247,0.025404748876250948
110.31023085664077,220.61342744170386,108.88048915246733,0.08703107998108732,0.44608790263026793
6.05176238583619e-12,107.05143333762103,123.98376297185283,0.11562104378383371,0.03691100991361257
5.379797717985e-15,53.4418781394292,234.49887410096022,0.4978245723929475,0.1435799762276838
0.00024774376661092917,154.18099059267402,231.02121121601851,0.18309290150993648,0.3328083352355209
118.52638169635827,284.6204729641835,165.44985254976535,0.07652232940632143,0.15717580801076586
0.004804296517385009,135.75702745760162,141.31861530177343,0.10394208758088087,0.024659646355911953
47.73548743582239,244.93607387064998,196.17290325113143,0.10168878612139119,0.29621688054319156
2.316926604834691e-14,93.68407820685186,183.42693865856907,0.2168150241280848,0.16774029360066106
3.019492548074694e-14,135.4882090756131,187.6448897519655,0.14329855574384132,0.0927267496890191
0.0005151809397089986,86.14943020952418,203.86926777866444,0.32783568979718564,0.4862159896316384
79.95466539143814,229.192703536594,148.91206806688723,0.07770429561076315,0.0991866885914972
1.6147136189031812,224.82690592420354,242.9296206038646,0.13632316719090254,0.369073011748773
107.88783196731639,222.1243294872297,112.80079583734666,0.08795602206675973,0.44754761191688625
0.000256207036228636,113.34900862157491,213.94019197584151,0.2487966407977707,0.4321832555489337
3.4396260012250772e-09,223.09003040585222,290.09928705500454,0.13608347876327406,0.10844339223605447
55.72852624913713,106.82438522898738,50.88869011610651,0.06981368853017779,0.13366809617323483
8.512350142609898e-57,156.16227898283492,230.84026109857655,0.14623148593707608,0.02881406552123476
64.76960675103065,142.9805304169218,77.24875848241092,0.09113497664037061,0.46707462428713004
0.03299395655222548,138.82697790503056,185.9468729159563,0.17584775619560122,0.44581816479550707
3.4775239719643995e-07,64.4137018103141,206.72900417008364,0.403155281822461,0.30582376110538056
96.95693296432532,207.9116567164849,110.73678144270028,0.06945249512284074,0.07249647464328976
5.153172980005004e-07,226.82915067042487,278.46096881165204,0.12817883334462588,0.10330047048440073
4.052405758087303,203.3971736257089,205.57813217290445,0.12248261152052092,0.29694097804765207
103.72228856727342,212.07818904078113,107.92367284871497,0.07168573412346924,0.14079534728006957
7.4419176371529e-16,92.48517855431444,242.53304689995187,0.29555718665605146,0.16408247995330325
10.85907053443141,87.36169973471561,76.37676999933369,0.09497181677818803,0.10207392749264882
0.1843600797745939,178.54376088147072,188.8063296328361,0.11214793515658494,0.11100402515492712
194.1361675018672,268.8331815886348,73.73901745062287,0.07023001815008093,0.24244215410741665
1.267734613935914e-08,95.98836038680551,195.2460181687549,0.2413746566788839,0.26473950686164927
51.836049376773545,165.70977967706497,113.2450281800471,0.0897669178680405,0.2655583470390716
0.06873621701541133,157.23308350747573,212.36670198868657,0.1833080519842251,0.498626623696122
7.630624555540602e-13,174.32229647987907,228.956738214545,0.13488911265998457,0.0822059922896671
2.2229310727518064e-05,90.37769262150297,181.0464036421653,0.2568248311369797,0.38296154642611296
0.0007897581412799545,135.61016028370264,214.38035192577752,0.20233662093073734,0.4010032386679484
1.7066470106447496e-07,115.47010102588006,253.32346133126393,0.2681199856876241,0.3007436474098499
10.83224702592912,261.13173580736975,251.878067910758,0.1133955836855791,0.24211432652927609
43.6088277844884,250.08306144410042,204.9204980134657,0.11420251890361069,0.4488447859281341
2.7483929898042163,156.6597895670359,162.7756155301937,0.13581263794746665,0.41752650515509987
49.63954050099176,201.75386519725973,151.98749726184187,0.0817721808638158,0.04413964929377778
0.0009229390300666881,86.366402566555,268.6869049760909,0.43735308731804545,0.48223220148216994
5.955545909408579e-37,177.40332355438966,225.73293302859284,0.1253313029154858,0.023523148041749025
27.482687277922565,124.23677144672614,96.23375559335041,0.09924890705952749,0.2951034582482921
72.36739501766044,264.9127383923003,191.43303665731582,0.0947472556004811,0.2947667921249949
0.09207813515749796,217.89959522659748,277.2020080750142,0.16444419933636617,0.42050223909944806
120.07524545853008,208.36850315560525,87.6724980620678,0.07107762554035392,0.2046637126041803
3.344238366107585e-42,81.18782501729481,261.37941888267665,0.34199680449208325,0.06369961714207145
4.4902154084577005e-05,167.64696987472144,255.05061657883746,0.18187745750238885,0.2992098892970839
121.67147576911819,296.6431948967204,174.83527532445862,0.07044396966609236,0.03192601297459101
226.8576103265016,287.0747935181663,59.3959628714258,0.06879916166476693,0.19366196523543744
122.88215997766196,211.2714100651109,86.87562634923387,0.08550275680551583,0.492952065000955
0.0002653472104179166,87.93121775799341,280.6596736721678,0.4366399033156512,0.43701385738640963
148.45563660266106,209.78171217997624,61.03869900796561,0.06330411408076847,0.0931984360453786
47.1937227988584,191.41552813598187,143.12469160133986,0.1040486323828304,0.4034365227469195
0.1296371578476112,167.166459415313,204.7599086813677,0.15736594612836766,0.40927852132233283
56.72595405095245,157.00936736706754,99.23700972850418,0.0979132394045336,0.46553946518104444
2.4572133391742666e-12,199.81743891450753,295.2699393100743,0.15689555747673747,0.12770444770111258
172.501972005683,262.4924721289914,88.99380826085562,0.07155762899366609,0.2595043877599808
51.455066247334486,237.78026009298435,184.9197987903186,0.10781543242895755,0.41717316387731646
2.164164444421999,194.84013507430825,204.50283108666116,0.1303267159761077,0.3403202167991348
172.17760839759396,281.176045384007,107.74748716742597,0.074823455391099,0.3050893488242094
7.103839085129628e-07,66.18499586038722,166.57724730233537,0.3172722979358727,0.3329483939699561
124.50750161432472,297.83662718295227,172.7521322832323,0.07523834475654512,0.13448768614352624
1.370759246829755e-78,63.24863566699738,241.7155940816355,0.3994887945145574,0.03225924074037955
1.2819218184713908e-05,99.87388653464035,208.57018819346834,0.2668385152097304,0.37340348357433634
0.270744496202191,155.68816541114023,166.8875132663349,0.1188961803982112,0.1768600761588212
1.8227428287404356e-12,76.87721904629193,216.7356357984938,0.32745012022878905,0.20084330572167025
41.656861118224924,205.91760274942544,163.3443566305496,0.10220241331037035,0.314055705991786
1.271978787089229e-06,61.99814101221683,181.4278978353524,0.37304838946461844,0.3354392203344882
3.3321196422402493e-19,121.15597025173554,214.64201038959047,0.18819266387176012,0.11739147229896436
0.002021250183422446,65.25917027991777,95.29884548846542,0.1883196261852874,0.416495138165801
0.2610294273377036,225.8798327762703,247.01238779307678,0.12324000498632273,0.20249917051783012
16.3038849953422,217.1140418973705,200.71633438459932,0.11560105114775387,0.3232373160806679
0.0010115621031860159,144.64514831265058,295.0832212843319,0.2792850995279013,0.48387747951310905
0.35253773783333386,97.0485650074553,105.59579838279393,0.13029247193090235,0.29109739292798537
69.53476795776518,236.75120725748627,166.56661854164338,0.08689383017572656,0.19227734805865127
9.857199726287887e-07,135.0948226913668,273.9104506498617,0.24914048205107253,0.31710565219526826
47.54750489650246,248.8252918514107,200.35835242469702,0.09968127823953668,0.26086069667032136
0.00010359834294639079,171.97523479490508,231.48971146220376,0.15401984626862636,0.23714059893336872
27.07975714657607,181.41736108774484,153.41754105034005,0.11124293245977124,0.37148995268300894
0.0011431765833430224,57.122712372891804,221.07740545782997,0.5424746757314292,0.46376487199236927
0.00017465405558781018,211.05800496975795,286.5137574618908,0.15669980836058253,0.25005027933612295
37.4951557662277,137.66412560804184,100.04651643483052,0.0809206537037795,0.06235047248004598
7.44789933160964e-08,107.30125682301643,251.8413159693301,0.2868043663821321,0.2934337072083555
8.717978222893202e-17,158.47084405292514,292.3845030249741,0.19928325620076665,0.1375764104551205
91.89161796919676,145.61686431772938,53.64218294083293,0.06184222183668174,0.0389973975081772
62.68875105604798,167.44726002159007,103.8023966486069,0.09285864303080776,0.3983072991889679
214.87177066008542,294.8708385449516,79.34423007828244,0.06594220956223928,0.15092875359909827
0.0002115174415294038,141.09451759205763,241.8558794353633,0.2190869109580009,0.39299383661234427
172.38866722507328,243.60253333400988,70.30414648568332,0.07080448045050583,0.2543402926823383
1.592427805426635e-10,188.19189913747311,299.6033896477269,0.17486339223566633,0.17260922771605533
124.20851312381424,272.2827722768707,147.40300396982627,0.0749226673726238,0.17073221602443042
7.069279997891051e-66,138.738212787393,276.3006914832601,0.20166591963772607,0.04017188484133494
13.818885376913144,111.37967004662687,97.14440087486696,0.10696200907541338,0.27651192171418437
115.87837041369033,277.75480991424206,160.21804995557272,0.09067452361761791,0.415304746878445
1.4284484348400335e-38,60.88356593944134,261.20295475155086,0.4586622959992287,0.06026976919970142
88.57424566584189,287.6883570152506,198.81744516831404,0.07897806859371177,0.07210817869218446
22.86749521249226,189.10172891773132,165.53952417283926,0.10709028483702521,0.27404284489650416
0.03107340033118744,144.09080417177188,178.1624366892794,0.15148153316020155,0.3368680686193265
103.7801738367375,298.76308058477775,193.47138172308684,0.09230040687820698,0.3534780763215976
2.1935780363164937e-15,64.59066153690792,160.0798018963983,0.27948374025711714,0.17034641367050526
80.68814266741578,179.17658994190305,98.38973943095263,0.06858666989257242,0.03813333238695032
8.436966383834296e-06,57.77426886388696,78.49144036479659,0.15353452981362042,0.21899018225234954
104.62697966248838,192.79393479655835,87.806981842537,0.06868243081034739,0.1285012020201412
31.966388394848565,95.1171272487789,63.122740963283476,0.07430759941873913,0.020535118521155197
17.737398568455262,207.7398000848826,189.6691027659079,0.11640832980202807,0.3491439546683536
32.34068732069767,295.23091893764536,261.9302535090027,0.1235116709257834,0.4769900187461759
128.13871545778898,268.7256378030952,139.77983473102768,0.07569646675919611,0.20775284505681352
93.74190497017462,162.95906235521767,68.82771815895445,0.06916420908610368,0.16414324609830228
69.75725440945473,227.1152175129293,156.43110299627907,0.09142554322475598,0.28580087005294175
42.408184568679275,244.36718750079731,200.50195961800034,0.11287456147103433,0.4289486038711431
16.91903638694592,173.7107710456409,156.3508663939094,0.11907683057488586,0.40158436385260315
0.0028613956326068307,182.13337254439128,252.6803084018425,0.17106974951869747,0.3486832183897168
3.500974144285059e-10,87.69609959304815,285.4715615466763,0.38808191292868977,0.2274114038238591
1.3759725802160684e-05,142.34998140297657,267.4776933170886,0.23499663921508646,0.3514083295300706
8.837560058459571e-22,85.55531326819667,225.99987456997212,0.28953434271817446,0.12369216860077138
63.632281376145386,231.72343833614065,167.57473119554382,0.08622109523309987,0.15629285016619843
0.028496713177792676,169.2532486005658,220.67451072581284,0.16554673156280492,0.3933538932321845
107.75910435567843,162.21970917669137,53.35457763913239,0.08174190388936811,0.4663904654462512
0.04516748531077175,271.49949279133784,295.61952962551095,0.11516672207778951,0.11122376173601112
88.45864607791918,181.90469307789036,93.01933295722398,0.07288844642866484,0.1621103789207516
2.2383750541671885e-106,152.27270797921497,276.56509899042044,0.18056935131217255,0.022980928251447725
1.5936213272149776e-10,117.22300555316146,251.77747541652653,0.2493853868116002,0.22714987773459278
4.895411949639956e-20,68.00300879244249,250.03492109674693,0.40905585641628855,0.12094163444124847
36.580281060375896,154.53403343132894,117.23401444626623,0.10000301456408123,0.32788389562573833
9.480399039346079e-06,56.43837060164584,104.78845143931451,0.23343310918540794,0.36060282352549206
3.1662383231132005e-12,122.788485138107,157.2001732285222,0.13104449510479135,0.07701330291127283
4.4386057627268485e-28,175.8773774620991,262.34277518266373,0.15089295344014914,0.05942912097532718
126.9795488362843,291.4832662549306,162.59491061793005,0.0916433198312456,0.4550408333985612
8.09943302979945e-11,77.34572854839615,283.85502850176545,0.43347784035339043,0.20683460227566267
79.22672657668753,218.2602635541555,138.1698318129345,0.08660225528576583,0.2760336786876869
0.607010174503559,174.98309277479999,204.84804142418992,0.1578678440540851,0.48235595115856184
0.1858249831349319,244.27455731894574,295.17475908894505,0.15284239404906647,0.3843459258638409
1.1280535747901444e-14,85.90174946855231,210.86563056020123,0.2777755987435028,0.17625934284751493
9.364888263182799,70.80065910896889,61.374554010150945,0.09163128411980904,0.0612076645377409
0.29538336753184424,149.80465133811344,165.88927273792797,0.13118345685532928,0.2772915280104373
114.89992902408335,249.24056299497502,133.68783592841595,0.07520096636555967,0.18134021260991895
6.340054169039177e-83,97.91893472747253,183.04538713041867,0.18718560176816898,0.030408994172528913
119.39322328183616,241.9442980368185,121.18655215328285,0.08437733809465468,0.3901531199618138
41.64979515589606,122.57449926546705,80.5653075575007,0.08420444260474107,0.20475638232991175
1.286398533951599e-07,104.22287190294884,217.07224718770044,0.2525194291505969,0.29423415202819303
0.00010373644799060717,54.17889726925161,220.33993872282656,0.541831111616663,0.38275657078219055
0.0015910139737205023,149.66476498059467,266.7848249997721,0.24007420961759196,0.4716067615525019
61.518650514591826,145.2703728233631,83.09537339068436,0.08454001106750808,0.31391472256861885
0.006880027422735968,214.8362340488412,249.65507706950774,0.12760858085906346,0.1713901658144687
5.239822484624673e-34,67.7296001175968,256.69218460128224,0.4078327889864969,0.0728367237665686
4.546023334882378e-51,88.15099676056796,211.63748393778798,0.24904130338159378,0.05548106619741067
1.432302220441752e-13,54.14397072523354,101.23053644515846,0.20724445692005639,0.17345157145891013
0.00022522044625778413,78.4490891118517,115.35517860145949,0.18011541694325706,0.33720278669888243
57.25107700731684,212.9473190025226,154.62420438479393,0.09882350228477205,0.35367299106929134
2.409302758680468e-06,150.6642130437298,185.44976819568282,0.13000965666389014,0.11970465923023407
6.857801541410266e-17,130.25657854182896,169.35948889805425,0.13141462767251832,0.059742050522406775
22.170045350352098,189.47799856094312,166.86497301134236,0.09995608346869343,0.1666451174172949
37.266222244782,298.3651157749625,259.9601775494168,0.10733084683551236,0.2828357887301949
4.375797461171928,258.6216285045074,267.5255913268919,0.13223182067892683,0.38224144374793506
0.23371845210581021,224.90579559989598,254.18849109419168,0.13340646821560434,0.27423551387362044
10.856624576960428,279.5646472830145,269.4503546586749,0.10691419565767589,0.15775220131859577
8.211818429249115e-07,59.932176670771206,192.75219048426825,0.407770440670713,0.3196062671666772
1.1403150790591131e-14,67.5833604038813,291.00903333477044,0.48965035740830976,0.147121594484574
0.08065139083610084,168.50157249701365,201.63608706261692,0.14644263209449337,0.33329259888057106
0.00484406151413902,137.29185323926933,200.98693526992037,0.1897213578060497,0.42411104375683417
153.1411411111111,284.3130155321122,129.82443426865473,0.07870688744448383,0.3266949537768472
0.005235064853608168,172.39124028629215,220.30104602925474,0.15177856299927864,0.29150310510883226
121.46759072985513,184.91227752333765,62.99142212634025,0.06719739174519454,0.1674282124500134
188.41064018077927,273.81509143280516,83.63660525298556,0.08013873201119132,0.44085297917022137
77.94405534823308,161.65876145592262,82.56054189319127,0.09078126887203176,0.4946345046643038
53.960763385449155,269.25859731758794,213.80032180618392,0.10772499141903867,0.3931901269807717
19.089556240754476,113.39543734290709,93.83314794283459,0.1040775948115656,0.2953490516338012
6.836230309254301e-05,118.45242603952714,135.2867058128868,0.11837012810061343,0.0878140796676808
70.68418161518613,132.0903475218975,61.07791395827615,0.07105790109158311,0.17116593074844969
77.92982721910839,186.89106762023837,108.43359002912766,0.0785517112532995,0.19609247292376816
4.077839482280399e-16,105.03216850674531,291.05608121232353,0.3125555305779672,0.16010970609318356
39.85042814409883,217.85729277031834,177.28485062909192,0.09863402944509499,0.23405735107948533
1.3901643263943484,85.6983207007501,87.76862961785798,0.12524892878513838,0.31310360809647
3.466741228820553e-22,73.52506862490986,180.75213293361605,0.26787431779469517,0.12219900344727852
0.29149164030627794,267.5479365513444,285.8773459777702,0.11552931429272925,0.13988468205761784
7.457030983051494e-38,109.21717588924963,266.4215035015835,0.256677025771736,0.07383223194612645
1.8645749696981184,146.50100275564887,148.0164672325967,0.11209380987086415,0.16764252280390518
71.20268481961023,192.88552318133307,120.96687899335066,0.08517766673669884,0.25877517372062875
0.0004613117011014606,181.4504924878675,240.43246567318545,0.15349068108870917,0.25510773666084235
0.0036252476186534183,69.00596986052672,110.12108120077195,0.21727713818956249,0.49787706168627016
153.0589330974378,268.53148389950707,113.5580886643381,0.08588368408214753,0.4909321102705409
215.78940873543397,287.783904604673,71.02158854498236,0.06979147304140489,0.22955013040694872
4.60521713140605,253.12682604366793,266.0360236910067,0.1433381824719196,0.48656989845935233
1.7934633369962736e-09,120.95045873671857,161.97472890506995,0.14155280450559882,0.12291099400439075
1.6099140501033062,181.96169902948986,190.4465651524934,0.1248584198007252,0.27973802533229764
1.8753078483697292e-08,134.85418100440236,234.17773942338,0.20031334291655423,0.23764895094547117
0.09679863447851478,188.66682769691667,249.1222167827989,0.17764593033538567,0.48445227080602216
129.94218433496658,293.60086722825065,161.87703474757848,0.08926022724188631,0.42136458710497204
31.670227314830314,127.92572942974535,96.03188904394958,0.0862942844993532,0.12279052389475581
0.019287180967879736,217.19915148071743,257.18321288207545,0.13534465077968363,0.23097876903458775
73.54933554837353,131.49180182724646,57.74948995706396,0.06673626710242844,0.10086894639029463
0.07045624037011144,243.6193165037699,286.6820674019881,0.13853247467433616,0.2739618610185202
