Time,Time Code,Country Name,Country Code,GDP per capita (current US$) [NY.GDP.PCAP.CD],Urban population (% of total population) [SP.URB.TOTL.IN.ZS],Population growth (annual %) [SP.POP.GROW],Arable land (% of land area) [AG.LND.ARBL.ZS]
2000,YR2000,Austria,AUT,24625.6007227434,60.213,0.240466652446524,16.9534658264663
2000,YR2000,Australia,AUS,21697.7084797731,84.235,1.19227232344832,3.05546516017339
2000,YR2000,Belgium,BEL,23098.8865077401,97.129,0.242517956221334,28.4676354029062
2000,YR2000,Canada,CAN,24271.0020563821,79.478,0.931281553452429,4.56980522196531
2000,YR2000,Chile,CHL,5100.25413288222,86.073,1.17718527887184,2.35363104748686
2000,YR2000,Czechia,CZE,6029.03819275358,73.988,-0.280414108078884,41.9697165782322
2000,YR2000,Denmark,DNK,30743.5476816354,85.1,0.334233618829261,57.025
2000,YR2000,Estonia,EST,4070.60902410208,69.368,0.483707161729931,19.8867657466384
2000,YR2000,Finland,FIN,24345.9148217032,82.183,0.2076065154133,7.18375521192423
2000,YR2000,France,FRA,22419.6948211313,75.871,0.684945783642239,33.5199162842173
2000,YR2000,Germany,DEU,23694.7604830673,74.965,0.135431600393084,33.8271958733343
2000,YR2000,Greece,GRC,12072.9293569196,72.716,0.409041838238246,21.2645461598138
2000,YR2000,Hungary,HUN,4624.28165670295,64.575,-0.259764908288633,51.3501450569069
2000,YR2000,Iceland,ISL,32096.3722613695,92.401,1.36919283329812,1.28678304239401
2000,YR2000,Ireland,IRL,26334.5672050501,59.155,1.33304266586712,5.67861808680505
2000,YR2000,Israel,ISR,21061.4822833993,91.203,2.64233191305756,15.6192236598891
2000,YR2000,Japan,JPN,39169.3595701504,78.649,0.167275578113187,12.2743484224966
2000,YR2000,Italy,ITA,20137.5912217673,67.222,0.045303631138613,28.672586721133
2000,YR2000,"Korea, Rep.",KOR,12256.9935679503,79.621,0.836180864297766,17.8104913953971
2000,YR2000,Latvia,LVA,3361.64086880275,68.067,-0.963935407092365,15.588088771755
2000,YR2000,Lithuania,LTU,3293.22997867086,66.986,-0.703385440488978,45.9157626037013
2000,YR2000,Luxembourg,LUX,48659.5988753233,84.216,1.34408299573143,24.0827202597826
2000,YR2000,Mexico,MEX,7157.81449985734,74.722,1.4410967038977,11.78271046066
2000,YR2000,Netherlands,NLD,26214.498549887,76.795,0.714770362784392,30.2932464454976
2000,YR2000,New Zealand,NZL,13641.1027183822,86.021,0.587564086381346,5.69670730317876
2000,YR2000,Norway,NOR,38131.4606116242,76.02,0.649044821192665,2.40661037552978
2000,YR2000,Poland,POL,4501.45406742273,61.716,-1.04433539837844,45.6854614907441
2000,YR2000,Portugal,PRT,11526.3720667968,54.399,0.702859953319024,19.1286338797814
2000,YR2000,Slovak Republic,SVK,5426.62428119306,56.233,-0.135376487794425,31.7671517671518
2000,YR2000,Slovenia,SVN,10201.3035366727,50.754,0.29607496005045,8.58987090367428
2000,YR2000,Spain,ESP,14749.6874248766,76.262,0.447137014535835,26.8537074148297
2000,YR2000,Switzerland,CHE,38952.0342005572,73.383,0.561954617400164,10.3430826839389
2000,YR2000,Sweden,SWE,29624.9126748618,84.026,0.160575484575313,6.38116049086303
2000,YR2000,Turkiye,TUR,4337.47800296354,64.741,1.51810979845438,30.9577329366059
2000,YR2000,United States,USA,36329.9560727102,79.057,1.11276899679534,19.1409660857113
2000,YR2000,United Kingdom,GBR,28223.0675706515,78.651,0.357300887421605,24.2880171950564
2001,YR2001,Austria,AUT,24558.7636778868,59.934,0.382799394483217,16.8080465341735
2001,YR2001,Australia,AUS,19527.3235767954,84.1,1.34835834227145,3.15009827785949
2001,YR2001,Belgium,BEL,23015.0712632462,97.186,0.343951157623668,27.9062087186262
2001,YR2001,Canada,CAN,23822.0601178964,79.81,1.08635096562717,4.56723985816884
2001,YR2001,Chile,CHL,4609.21396034224,86.363,1.12619894374837,2.35363104748686
2001,YR2001,Czechia,CZE,6637.04165713981,73.877,-0.375719704335905,41.8791251455934
2001,YR2001,Denmark,DNK,30751.654348268,85.15,0.358315678955486,57.3
2001,YR2001,Estonia,EST,4505.85833233188,69.242,-0.63696312445507,15.9707478178816
2001,YR2001,Finland,FIN,24967.7925153182,82.368,0.227687341886374,7.20082734167241
2001,YR2001,France,FRA,22452.9823753273,76.127,0.727789664461319,33.5043930697065
2001,YR2001,Germany,DEU,23628.3272122367,75.17,0.168225361337335,33.8578389223273
2001,YR2001,Greece,GRC,12549.036894906,72.913,0.51988446396193,21.1016291698991
2001,YR2001,Hungary,HUN,5276.03318905496,64.67,-0.229379183308447,51.3947779513501
2001,YR2001,Iceland,ISL,28897.4439396908,92.532,1.32929525456819,1.28678304239401
2001,YR2001,Ireland,IRL,28282.409882073,59.399,1.59215149039299,7.39149368558572
2001,YR2001,Israel,ISR,20316.2480483237,91.267,2.35711729946802,15.8040665434381
2001,YR2001,Japan,JPN,34406.1824638092,79.99,0.240952587521069,12.1920438957476
2001,YR2001,Italy,ITA,20500.9543995672,67.282,0.0561676014374784,28.1991627158306
2001,YR2001,"Korea, Rep.",KOR,11561.2483689073,79.94,0.767241774760276,17.4591689063469
2001,YR2001,Latvia,LVA,3578.00190041351,67.95,-1.29148694354873,15.3952464364343
2001,YR2001,Lithuania,LTU,3525.79363185461,66.919,-0.824008723044179,26.0210593490747
2001,YR2001,Luxembourg,LUX,48440.1420151355,84.843,1.19045634528707,24.0827202597826
2001,YR2001,Mexico,MEX,7544.56872335784,75.045,1.40395986845276,11.9092569253324
2001,YR2001,Netherlands,NLD,26896.5481111196,77.83,0.754840057734904,29.8815165876777
2001,YR2001,New Zealand,NZL,13882.8568268586,86.1,0.589286034969052,5.69670730317876
2001,YR2001,Norway,NOR,38542.715099709,76.378,0.506046910557235,2.41208616705545
2001,YR2001,Poland,POL,4991.24435799511,61.761,-0.0275871247282958,44.350125697868
2001,YR2001,Portugal,PRT,11734.7649743954,55.044,0.705230637323876,17.7984699453552
2001,YR2001,Slovak Republic,SVK,5722.1681828083,56.163,-0.18301227099618,29.97920997921
2001,YR2001,Slovenia,SVN,10479.7596309273,50.78,0.157498742047657,8.58987090367428
2001,YR2001,Spain,ESP,15369.0011599444,76.343,0.694068084334464,26.2055684827088
2001,YR2001,Switzerland,CHE,39727.8466713883,73.375,0.632771238018431,10.3585254155808
2001,YR2001,Sweden,SWE,27247.857734793,84.071,0.268470527954234,6.57632928977951
2001,YR2001,Turkiye,TUR,3142.92099774582,65.34,1.49422662100438,30.9252497953562
2001,YR2001,United States,USA,37133.623113437,79.234,0.989741382223669,19.1444588033949
2001,YR2001,United Kingdom,GBR,27806.4488245133,78.751,0.384975969564228,23.3579961145786
2002,YR2002,Austria,AUT,26527.5930910347,59.655,0.49198046425522,16.7838099854581
2002,YR2002,Australia,AUS,20117.7888912664,84.222,1.22056378534358,3.08956952995848
2002,YR2002,Belgium,BEL,25006.191397109,97.241,0.448268894821562,27.4768824306473
2002,YR2002,Canada,CAN,24255.3385818322,79.888,1.08744792718674,4.5300978518982
2002,YR2002,Chile,CHL,4481.83125502139,86.606,1.0788448744697,2.21913784477332
2002,YR2002,Czechia,CZE,8060.86870292424,73.809,-0.192901617564167,35.9737284845348
2002,YR2002,Denmark,DNK,33228.6935448819,85.25,0.319487125340996,56.9
2002,YR2002,Estonia,EST,5341.62894677002,69.116,-0.633433796423808,14.4751120547299
2002,YR2002,Finland,FIN,26997.7529897788,82.503,0.242381050233372,7.2395679437933
2002,YR2002,France,FRA,24292.5802304835,76.38,0.727226637519812,33.5511453392918
2002,YR2002,Germany,DEU,25197.2656001848,75.374,0.168128319406931,33.7986584876455
2002,YR2002,Greece,GRC,14177.5721592705,73.303,0.366566462148184,21.0783553141971
2002,YR2002,Hungary,HUN,6655.33300865319,65.081,-0.28475137719698,51.3947779513501
2002,YR2002,Iceland,ISL,32409.2161491753,92.662,0.892596377462957,1.28678304239401
2002,YR2002,Ireland,IRL,32705.4345565698,59.649,1.68514885730282,7.52213673973
2002,YR2002,Israel,ISR,18439.6461555058,91.33,2.01405839404727,16.1275415896488
2002,YR2002,Japan,JPN,32820.7936433254,81.647,0.232527187105684,12.1234567901235
2002,YR2002,Italy,ITA,22376.2978989329,67.382,0.148916429490753,28.0233195138612
2002,YR2002,"Korea, Rep.",KOR,13165.0657360554,80.299,0.577957276814842,17.2951751213968
2002,YR2002,Latvia,LVA,4136.93329688951,67.85,-1.1618382239436,15.6362993555852
2002,YR2002,Lithuania,LTU,4141.59270180102,66.828,-0.802765710748508,26.148691767709
2002,YR2002,Luxembourg,LUX,53005.7339209179,85.299,1.04766081596443,24.0827202597826
2002,YR2002,Mexico,MEX,7593.1373448964,75.365,1.37302085830616,11.9262326705934
2002,YR2002,Netherlands,NLD,29343.2449960602,79.113,0.638291666268526,30.0710900473934
2002,YR2002,New Zealand,NZL,16874.1874918196,86.161,1.73717486434422,1.80775511754206
2002,YR2002,Norway,NOR,43084.4724650717,76.733,0.539290805050494,2.40387247976695
2002,YR2002,Poland,POL,5207.17142069402,61.787,-0.0463189372499392,42.4760847562767
2002,YR2002,Portugal,PRT,12936.6928204482,55.666,0.547667939660689,17.8814207650273
2002,YR2002,Slovak Republic,SVK,6564.69631373665,56.013,-0.0363525509687338,29.3139293139293
2002,YR2002,Slovenia,SVN,11777.1556578814,50.857,0.123915442323272,8.3416087388282
2002,YR2002,Spain,ESP,17106.686576658,76.533,1.41259540475782,25.8676659185636
2002,YR2002,Switzerland,CHE,42578.7631355696,73.401,0.756469145838096,10.3309549111887
2002,YR2002,Sweden,SWE,29899.1952495081,84.133,0.325438067703728,6.5166739210541
2002,YR2002,Turkiye,TUR,3687.95609325031,65.974,1.47386568720214,31.1760196458038
2002,YR2002,United States,USA,37997.7596573051,79.409,0.927797485710314,18.8799945862876
2002,YR2002,United Kingdom,GBR,30049.8963232066,79.047,0.423337079636281,23.9160087628653
2003,YR2003,Austria,AUT,32294.0488606559,59.375,0.487133894826838,16.7235821619001
2003,YR2003,Australia,AUS,23492.4051742272,84.343,1.23399666342628,3.02513570154771
2003,YR2003,Belgium,BEL,30655.2092679024,97.296,0.418641508069053,27.5759577278732
2003,YR2003,Canada,CAN,28300.4630963791,79.967,0.901372739095955,4.49295584562756
2003,YR2003,Chile,CHL,4827.08337797237,86.665,1.04799383160613,2.01739804070302
2003,YR2003,Czechia,CZE,9818.56849307488,73.74,-0.028620590719166,35.7095897502265
2003,YR2003,Denmark,DNK,40458.7773986609,85.36,0.272010444031566,56.65
2003,YR2003,Estonia,EST,7203.52303786646,68.989,-0.627622448059203,12.8568058504364
2003,YR2003,Finland,FIN,32927.6802919408,82.638,0.238457240068217,7.26813093010276
2003,YR2003,France,FRA,29633.6789794897,76.632,0.708771177676303,33.5022916145707
2003,YR2003,Germany,DEU,30310.3575963774,75.577,0.0553633035873241,33.9067113901551
2003,YR2003,Greece,GRC,18518.3788387396,73.689,0.238643175320258,21.0395655546936
2003,YR2003,Hungary,HUN,8421.10331316153,65.489,-0.286433268128688,51.2943539388529
2003,YR2003,Iceland,ISL,39476.6978486684,92.789,0.692497620476186,1.28678304239401
2003,YR2003,Ireland,IRL,41203.5295847568,59.925,1.62895096193019,7.71127885034112
2003,YR2003,Israel,ISR,18991.3798529841,91.393,1.80551975888109,15.4343807763401
2003,YR2003,Japan,JPN,35387.0374203599,83.196,0.213980948779682,12.0631001371742
2003,YR2003,Italy,ITA,27526.3224609957,67.501,0.444507312655549,26.9141547014385
2003,YR2003,"Korea, Rep.",KOR,14672.8574703505,80.652,0.518321452985646,17.1384297520661
2003,YR2003,Latvia,LVA,5145.19523190241,67.8,-0.966400801237561,15.3791762418243
2003,YR2003,Lithuania,LTU,5499.42898911387,66.737,-0.812278097406687,24.3299298021698
2003,YR2003,Luxembourg,LUX,65689.3214536911,85.743,1.21520087964639,24.0827202597826
2003,YR2003,Mexico,MEX,7075.36964299974,75.682,1.36378023068234,12.1669796033849
2003,YR2003,Netherlands,NLD,35750.9746630269,80.341,0.471814398788212,32.3193127962085
2003,YR2003,New Zealand,NZL,21913.7081719961,86.221,1.97355854434158,1.57608902054612
2003,YR2003,Norway,NOR,50134.8907734947,77.084,0.586532691986894,2.38470720942712
2003,YR2003,Poland,POL,5701.6022116161,61.676,-0.067492701646486,41.101750261233
2003,YR2003,Portugal,PRT,15797.7821340276,56.287,0.375411414855816,16.9881967213115
2003,YR2003,Slovak Republic,SVK,8731.93736824381,55.863,-0.0658215070322074,29.3701933070048
2003,YR2003,Slovenia,SVN,14849.0372415032,51.082,0.0602967792572922,8.58987090367428
2003,YR2003,Spain,ESP,21510.8362454011,76.778,1.80845446818345,26.0751988141263
2003,YR2003,Switzerland,CHE,49470.3971259674,73.427,0.74191960337232,10.2957921105235
2003,YR2003,Sweden,SWE,37321.7979047059,84.196,0.372092942799084,6.48500502160727
2003,YR2003,Turkiye,TUR,4760.1040190451,66.602,1.43873664511403,30.3678390915115
2003,YR2003,United States,USA,39490.2749557007,79.583,0.859481712840946,18.6348822080961
2003,YR2003,United Kingdom,GBR,34487.4675722539,79.339,0.465641113602993,23.3910635307734
2004,YR2004,Austria,AUT,36889.2335135194,59.094,0.620413127334181,16.714735821619
2004,YR2004,Australia,AUS,30513.9417409748,84.463,1.15935216218033,3.35094958541062
2004,YR2004,Belgium,BEL,35429.4077933344,97.35,0.432788248129175,27.7410832232497
2004,YR2004,Canada,CAN,32143.6814078562,80.045,0.933020777495183,4.45581383935692
2004,YR2004,Chile,CHL,6186.66271596597,86.725,1.03766797310084,2.01739804070302
2004,YR2004,Czechia,CZE,11749.8526643577,73.671,0.0304348483027166,35.3415739062904
2004,YR2004,Denmark,DNK,46511.5983324305,85.566,0.258432282052875,56.725
2004,YR2004,Estonia,EST,8914.10355674451,68.862,-0.597820510395586,12.2505307855626
2004,YR2004,Finland,FIN,37772.1781110398,82.772,0.290350361518584,7.29078433303785
2004,YR2004,France,FRA,33803.3095951203,76.883,0.736332748710216,33.5447534274345
2004,YR2004,Germany,DEU,34106.6581224001,75.779,-0.021709727650009,34.1141726639333
2004,YR2004,Greece,GRC,21995.477943746,74.073,0.247413542822812,20.3956555469356
2004,YR2004,Hungary,HUN,10303.704193626,65.896,-0.221439378654807,51.3055121624637
2004,YR2004,Iceland,ISL,47334.9306537723,92.914,0.8779361576874,1.28678304239401
2004,YR2004,Ireland,IRL,47754.2023194244,60.202,1.82831381790901,7.57221657715198
2004,YR2004,Israel,ISR,19910.6106710093,91.456,1.76762364154994,14.3715341959335
2004,YR2004,Japan,JPN,38298.9801712303,84.64,0.0336622582725446,12.0137174211248
2004,YR2004,Italy,ITA,31317.2007943296,67.62,0.647182705470772,26.981786702196
2004,YR2004,"Korea, Rep.",KOR,16496.1200942502,81.002,0.396331436697806,17.0729188184259
2004,YR2004,Latvia,LVA,6378.66652057115,67.9,-1.09131295557421,16.2148263615472
2004,YR2004,Lithuania,LTU,6700.32719189382,66.646,-1.12299127483243,25.788130185067
2004,YR2004,Luxembourg,LUX,76544.9170868473,86.177,1.42133256471314,24.0827202597826
2004,YR2004,Mexico,MEX,7484.486398707,75.997,1.38146893230283,11.9416651662851
2004,YR2004,Netherlands,NLD,40436.6182310407,81.514,0.347475412048658,33.3975118483412
2004,YR2004,New Zealand,NZL,25420.234882944,86.281,1.48621908244575,1.59507804489005
2004,YR2004,Norway,NOR,57603.836021826,77.399,0.590930939690253,2.37923141790146
2004,YR2004,Poland,POL,6681.38647195042,61.564,-0.0585127351273288,41.1647569614468
2004,YR2004,Portugal,PRT,18064.1580932987,56.907,0.239128989611917,16.2046994535519
2004,YR2004,Slovak Republic,SVK,10691.4465495259,55.713,-0.0203617202597358,28.960498960499
2004,YR2004,Slovenia,SVN,17233.1385611279,51.308,0.0640662022616923,8.73882820258193
2004,YR2004,Spain,ESP,24907.0008505856,77.022,1.7254663034483,26.0927921791738
2004,YR2004,Switzerland,CHE,54878.4710009787,73.452,0.687425960233006,10.2859311740891
2004,YR2004,Sweden,SWE,42821.6731423358,84.258,0.393298991357658,6.49507033073378
2004,YR2004,Turkiye,TUR,6101.63211660696,67.225,1.3847339240455,31.0162025908553
2004,YR2004,United States,USA,41724.6316287624,79.757,0.925483968943482,18.3930769969613
2004,YR2004,United Kingdom,GBR,40371.7108259838,79.629,0.568943113421317,24.0524118546687
2005,YR2005,Austria,AUT,38417.4577857677,58.813,0.681267248299787,16.7317014057198
2005,YR2005,Australia,AUS,34080.9998953245,84.582,1.31978955436191,3.43673118727464
2005,YR2005,Belgium,BEL,36809.7013403619,97.403,0.550055708089009,27.8401585204756
2005,YR2005,Canada,CAN,36382.5079164537,80.122,0.944466927450734,4.41867183308628
2005,YR2005,Chile,CHL,7558.37175410092,86.783,1.04195390189779,1.95015143934626
2005,YR2005,Czechia,CZE,13430.6698955613,73.602,0.138325980046718,35.1076883251359
2005,YR2005,Denmark,DNK,48799.8256011275,85.856,0.275481733409308,58.3
2005,YR2005,Estonia,EST,10412.6443137966,68.735,-0.572255524659659,13.9608398207124
2005,YR2005,Finland,FIN,39054.8504423825,82.905,0.342248594286999,7.34265734265734
2005,YR2005,France,FRA,34773.1501479027,77.13,0.753799176960609,33.5628984744967
2005,YR2005,Germany,DEU,34520.2396492496,75.98,-0.0567782618352031,34.1323546278243
2005,YR2005,Greece,GRC,22560.1472939077,74.452,0.293249074052818,20.4732350659426
2005,YR2005,Hungary,HUN,11225.9325815328,66.365,-0.198878843237103,51.3447159915188
2005,YR2005,Iceland,ISL,56794.8501588953,93.037,1.58289197780465,1.28678304239401
2005,YR2005,Ireland,IRL,50933.0216095589,60.477,2.17870301355631,7.09377268108579
2005,YR2005,Israel,ISR,20585.1386127162,91.518,1.76289766113006,14.3715341959335
2005,YR2005,Japan,JPN,37812.8950199948,85.978,0.00939209655766336,11.9615912208505
2005,YR2005,Italy,ITA,32055.0920757503,67.738,0.491389107503214,26.3088482946591
2005,YR2005,"Korea, Rep.",KOR,19402.5026259549,81.345,0.211997784117548,16.9643779039752
2005,YR2005,Latvia,LVA,7594.90238431362,68,-1.08057145691172,17.5486525141819
2005,YR2005,Lithuania,LTU,7854.76527867855,66.635,-1.62840112593427,30.4164007657945
2005,YR2005,Luxembourg,LUX,80988.1376230858,86.598,1.53005466340868,23.3058583159187
2005,YR2005,Mexico,MEX,8277.67156384567,76.308,1.4158169793862,11.983847321176
2005,YR2005,Netherlands,NLD,41994.7135305232,82.63,0.23366314793854,32.9087677725119
2005,YR2005,New Zealand,NZL,27751.0654708859,86.341,1.12877350967992,1.61406706923398
2005,YR2005,Norway,NOR,66810.478520868,77.675,0.681072964187373,2.36006614756163
2005,YR2005,Poland,POL,8021.50574346795,61.452,-0.043948953332248,39.6337283321908
2005,YR2005,Portugal,PRT,18780.12751241,57.522,0.185532266654625,14.2720017492074
2005,YR2005,Slovak Republic,SVK,11690.1134689407,55.563,0.00980913417308711,28.9189189189189
2005,YR2005,Slovenia,SVN,18098.9085440003,51.533,0.173208905073743,8.73882820258193
2005,YR2005,Spain,ESP,26429.1509449319,77.263,1.68934904712031,25.8730890220201
2005,YR2005,Switzerland,CHE,56546.7856553987,73.478,0.640601540243491,10.2788602662078
2005,YR2005,Sweden,SWE,43437.0631164776,84.319,0.399942762807279,6.59670540337708
2005,YR2005,Turkiye,TUR,7456.2961006749,67.84,1.32312648689277,30.9629302392059
2005,YR2005,United States,USA,44123.4070679055,79.928,0.921713167161207,18.1480082777409
2005,YR2005,United Kingdom,GBR,42132.0907219815,79.915,0.68661130607346,23.6804034224776
2006,YR2006,Austria,AUT,40669.3269586152,58.532,0.494797775098466,16.6892874454678
2006,YR2006,Australia,AUS,36117.487983674,84.7,1.47522794532757,3.15374301966859
2006,YR2006,Belgium,BEL,38705.1067959147,97.454,0.659558214980699,27.8071334214003
2006,YR2006,Canada,CAN,40504.0607253203,80.213,1.01033450270045,4.38152982681564
2006,YR2006,Chile,CHL,9406.58448549129,86.842,1.05599431314121,1.81565823663272
2006,YR2006,Czechia,CZE,15261.7975911138,73.533,0.270795629232185,34.1416181229773
2006,YR2006,Denmark,DNK,52026.9995142723,86.098,0.328645158919929,58.675
2006,YR2006,Estonia,EST,12639.4000677296,68.607,-0.589655559840225,13.1894314696862
2006,YR2006,Finland,FIN,41222.6020004611,83.037,0.383777136305104,7.43316563085726
2006,YR2006,France,FRA,36474.1595859967,77.377,0.697191228293622,33.4924035305913
2006,YR2006,Germany,DEU,36353.8803343631,76.179,-0.112797497644931,34.0272998394127
2006,YR2006,Greece,GRC,24821.9367451879,74.827,0.30033180096664,20.0465477114042
2006,YR2006,Hungary,HUN,11493.1004118789,66.895,-0.155716484651578,51.3000781162817
2006,YR2006,Iceland,ISL,57492.9342498703,93.159,2.34742243028387,1.28678304239401
2006,YR2006,Ireland,IRL,54329.1618599624,60.738,2.69600564359576,6.78008419219045
2006,YR2006,Israel,ISR,21853.140239801,91.58,1.76780587358185,14.0018484288355
2006,YR2006,Japan,JPN,35991.546002862,87.118,0.0633735894181335,11.9149519890261
2006,YR2006,Italy,ITA,33529.7266014361,67.856,0.30055968851778,24.942681879358
2006,YR2006,"Korea, Rep.",KOR,21743.4774514254,81.528,0.525199940498775,16.7113955408753
2006,YR2006,Latvia,LVA,9723.44690174779,67.967,-0.91727295748817,19.3645845051184
2006,YR2006,Lithuania,LTU,9230.70798102521,66.706,-1.59637831830094,29.9744735162731
2006,YR2006,Luxembourg,LUX,90788.8004876145,87.009,1.59505191774492,23.3058583159187
2006,YR2006,Mexico,MEX,9068.29421839425,76.616,1.4562132376675,12.0183132282209
2006,YR2006,Netherlands,NLD,44900.9381441374,83.636,0.160613668857538,31.6883886255924
2006,YR2006,New Zealand,NZL,26654.5932018985,86.4,1.21898486028427,1.51532414264555
2006,YR2006,Norway,NOR,74148.3200757187,77.95,0.805392739160981,2.3491145645103
2006,YR2006,Poland,POL,9035.41046744936,61.341,-0.0633705742926632,40.3760773047793
2006,YR2006,Portugal,PRT,19839.4540499032,58.137,0.18033244147767,13.5753799059801
2006,YR2006,Slovak Republic,SVK,13170.7849804675,55.412,0.00459711883568263,28.6486486486486
2006,YR2006,Slovenia,SVN,19672.9655554146,51.758,0.31911453657107,8.83813306852036
2006,YR2006,Spain,ESP,28389.0785799873,77.502,1.69035255626114,25.4920036875225
2006,YR2006,Switzerland,CHE,59300.6172165015,73.504,0.627558473346134,10.2993648303262
2006,YR2006,Sweden,SWE,46593.6021646111,84.43,0.562483906481893,6.49457934004468
2006,YR2006,Turkiye,TUR,8101.85692374776,68.45,1.24887663592494,29.8598027623663
2006,YR2006,United States,USA,46302.0008800056,80.099,0.964253917136075,17.9029395585205
2006,YR2006,United Kingdom,GBR,44654.0969208924,80.199,0.73504867842129,25.1891042863638
2007,YR2007,Austria,AUT,46915.3374004507,58.249,0.324146535285463,16.6747455162385
2007,YR2007,Australia,AUS,41001.1429790999,84.822,0.624678435014185,3.01016622626037
2007,YR2007,Belgium,BEL,44319.165448813,97.505,0.734330830765919,27.7080581241744
2007,YR2007,Canada,CAN,44659.8951408034,80.396,0.971135141368055,4.33702634182469
2007,YR2007,Chile,CHL,10439.428464249,86.9,1.06855546195518,1.69730421824481
2007,YR2007,Czechia,CZE,18466.5479299216,73.463,0.583542205385113,33.9971521035599
2007,YR2007,Denmark,DNK,58487.0549677696,86.293,0.443466054321374,57.65
2007,YR2007,Estonia,EST,16744.5844516343,68.479,-0.456188535090031,14.13776834159
2007,YR2007,Finland,FIN,48476.3927287052,83.168,0.425429832100631,7.42115820974054
2007,YR2007,France,FRA,41561.2005095485,77.621,0.618708359125178,33.3959752135394
2007,YR2007,Germany,DEU,41640.0808695147,76.378,-0.133718572600486,34.0637278802306
2007,YR2007,Greece,GRC,28863.9732885018,75.199,0.254757581935775,19.9146625290923
2007,YR2007,Hungary,HUN,13944.9710132004,67.421,-0.154915158060948,51.2442807722352
2007,YR2007,Iceland,ISL,69495.7267376825,93.278,2.53008548940662,1.24688279301746
2007,YR2007,Ireland,IRL,61396.417461176,60.94,2.89096000464164,6.75642328349543
2007,YR2007,Israel,ISR,24952.5475909074,91.641,1.7761008691798,14.1312384473198
2007,YR2007,Japan,JPN,35779.0245416427,88.146,0.114908847726211,11.8683127572016
2007,YR2007,Italy,ITA,37870.7475070969,67.974,0.504933687397673,24.2494538715939
2007,YR2007,"Korea, Rep.",KOR,24086.4104391677,81.631,0.505234032920336,16.4775072224515
2007,YR2007,Latvia,LVA,14113.5291277327,67.9,-0.816175506582982,19.0913911967474
2007,YR2007,Lithuania,LTU,12285.4470537014,66.777,-1.187947957259,29.2852584556477
2007,YR2007,Luxembourg,LUX,107475.320297978,87.409,1.54438684650549,23.6942892878507
2007,YR2007,Mexico,MEX,9642.68051672231,76.92,1.48606353186843,12.098562205818
2007,YR2007,Netherlands,NLD,51799.2085521047,84.539,0.217521601194242,31.3921800947867
2007,YR2007,New Zealand,NZL,32479.9817381467,86.34,0.932407687512324,1.6368538984467
2007,YR2007,Norway,NOR,85139.9604469545,78.234,1.03473451527827,2.334329927391
2007,YR2007,Poland,POL,11254.5173881254,61.229,-0.0543050208038707,38.5968921389397
2007,YR2007,Portugal,PRT,22811.0564844365,58.749,0.196304384487306,12.5532961626763
2007,YR2007,Slovak Republic,SVK,16106.0604446695,55.261,0.0291784011934372,28.6278586278586
2007,YR2007,Slovenia,SVN,23817.8867320201,51.983,0.559207815536831,8.68917576961271
2007,YR2007,Spain,ESP,32591.3503065871,77.74,1.85108130845179,25.2168860571818
2007,YR2007,Switzerland,CHE,65359.5192218269,73.53,0.893690977823134,10.2895029861322
2007,YR2007,Sweden,SWE,53700.0053363063,84.588,0.741552514625445,6.45996449646327
2007,YR2007,Turkiye,TUR,9791.88245001167,69.053,1.19280433140776,28.5578784610787
2007,YR2007,United States,USA,48050.2237771135,80.269,0.951055242772428,17.6578708393001
2007,YR2007,United Kingdom,GBR,50653.2569148306,80.479,0.778666112441256,25.1519034431447
2008,YR2008,Austria,AUT,51919.9835754226,57.966,0.313041437661508,16.5899175957344
2008,YR2008,Australia,AUS,49654.9105957389,84.943,2.00402174031569,3.12329640862762
2008,YR2008,Belgium,BEL,48303.397956286,97.555,0.789976845480149,27.8731836195509
2008,YR2008,Canada,CAN,46710.5055759013,80.578,1.08290711607014,4.29252285683374
2008,YR2008,Chile,CHL,10752.9723000388,86.959,1.07138371997089,1.76455081960158
2008,YR2008,Czechia,CZE,22804.5776774507,73.394,0.829412602993033,33.6644225789746
2008,YR2008,Denmark,DNK,64322.0635020842,86.487,0.587547590258978,60.05
2008,YR2008,Estonia,EST,18204.9664786762,68.351,-0.268133719541207,14.1023826374145
2008,YR2008,Finland,FIN,53772.7942390019,83.299,0.465549284507694,7.43369529450477
2008,YR2008,France,FRA,45519.2968812949,77.868,0.558843467315968,33.3640150705771
2008,YR2008,Germany,DEU,45612.7106221441,76.575,-0.190142844695674,34.2253965522187
2008,YR2008,Greece,GRC,32127.9831943287,75.568,0.265457836726293,19.8293250581846
2008,YR2008,Hungary,HUN,15777.1920232033,67.943,-0.17509736747488,51.1661644905703
2008,YR2008,Iceland,ISL,56943.3704468563,93.395,1.85957217059918,1.24688279301746
2008,YR2008,Ireland,IRL,61353.1065629523,61.141,2.03870801117202,7.04964436057483
2008,YR2008,Israel,ISR,29650.7702509045,91.702,1.7765791059698,13.8493530499076
2008,YR2008,Japan,JPN,39876.3039685725,89.103,0.0484253945978966,11.8189300411523
2008,YR2008,Italy,ITA,40944.9124194678,68.092,0.662469252941527,25.3552370839787
2008,YR2008,"Korea, Rep.",KOR,21350.427979823,81.733,0.759316681850927,16.1356840911434
2008,YR2008,Latvia,LVA,16467.1436879405,67.834,-1.0509395443743,18.8021276937664
2008,YR2008,Lithuania,LTU,14944.996652175,66.848,-1.02848317546539,29.7008376545672
2008,YR2008,Luxembourg,LUX,120422.137934157,87.8,1.78749663225793,24.0827202597826
2008,YR2008,Mexico,MEX,10016.5712139986,77.222,1.49536909755127,11.9889914864065
2008,YR2008,Netherlands,NLD,57879.9437553916,85.402,0.389292461499527,31.5936018957346
2008,YR2008,New Zealand,NZL,31252.9625640673,86.28,0.848701402422591,1.72040560555999
2008,YR2008,Norway,NOR,96944.0956064873,78.526,1.24633301535167,2.31379570916976
2008,YR2008,Poland,POL,13996.0251506835,61.116,0.0136373796827091,39.3176624224616
2008,YR2008,Portugal,PRT,24949.0413566739,59.359,0.144191279853498,13.3400021865092
2008,YR2008,Slovak Republic,SVK,18753.5849413816,55.111,0.0857552995195914,28.7318087318087
2008,YR2008,Slovenia,SVN,27595.5999653992,52.209,0.158140843634363,9.10395012458925
2008,YR2008,Spain,ESP,35510.7222312701,77.976,1.59533049906372,25.0360866078589
2008,YR2008,Switzerland,CHE,74572.232372807,73.556,1.27061807385776,10.2819111246078
2008,YR2008,Sweden,SWE,56152.552340314,84.746,0.779033290770134,6.41896677392358
2008,YR2008,Turkiye,TUR,10941.172146426,69.651,1.19537882664634,28.0069643854839
2008,YR2008,United States,USA,48570.0459804586,80.438,0.945865287282592,17.5377866108695
2008,YR2008,United Kingdom,GBR,47549.3486286006,80.757,0.787032622318939,24.821229281197
2009,YR2009,Austria,AUT,48153.3240199631,57.683,0.261953189906348,16.5608337372758
2009,YR2009,Australia,AUS,42783.3225651148,85.063,2.0610451296841,3.53300443877485
2009,YR2009,Belgium,BEL,44760.2912443709,97.603,0.804599572619861,27.7410832232497
2009,YR2009,Canada,CAN,40876.3101540295,80.758,1.14175809912162,4.24801937184279
2009,YR2009,Chile,CHL,10151.058524965,87.017,1.05928641203431,1.76186095554731
2009,YR2009,Czechia,CZE,19861.6974295256,73.324,0.569729451418061,33.4267219057483
2009,YR2009,Denmark,DNK,58163.2768762815,86.654,0.535079062079429,60.775
2009,YR2009,Estonia,EST,14711.7352728223,68.223,-0.192768077420229,14.069355980184
2009,YR2009,Finland,FIN,47481.4845364339,83.429,0.478246393482911,7.43106284962159
2009,YR2009,France,FRA,41740.2430343475,78.117,0.51448954376938,33.3411863970326
2009,YR2009,Germany,DEU,41650.3678297162,76.771,-0.253383410163402,34.2646510427125
2009,YR2009,Greece,GRC,29828.7560245271,75.932,0.263026401346927,19.7595034910784
2009,YR2009,Hungary,HUN,13081.7926445778,68.46,-0.154908813950621,50.6461946316138
2009,YR2009,Iceland,ISL,41301.273219718,93.511,0.341241978970882,1.23690773067332
2009,YR2009,Ireland,IRL,52133.0906162544,61.342,1.01566327592341,6.71490782406735
2009,YR2009,Israel,ISR,27780.4637181529,91.763,2.39020733801215,14.0619223659889
2009,YR2009,Japan,JPN,41308.9968370512,89.989,-0.0124946312294096,11.7805212620027
2009,YR2009,Italy,ITA,37226.7571935402,68.209,0.455613449577732,23.6069498643978
2009,YR2009,"Korea, Rep.",KOR,19143.8516053025,81.835,0.514682827535803,15.8252627240882
2009,YR2009,Latvia,LVA,12331.9285524089,67.814,-1.65102496759116,18.7699873045463
2009,YR2009,Lithuania,LTU,11820.7761591359,66.842,-1.11034575437238,32.7674511368169
2009,YR2009,Luxembourg,LUX,109419.746953106,88.178,1.85177523043645,23.9933811362383
2009,YR2009,Mexico,MEX,8002.97217765844,77.52,1.47675580253545,11.905656009671
2009,YR2009,Netherlands,NLD,52722.2130568997,86.288,0.514284544827762,31.2689000889416
2009,YR2009,New Zealand,NZL,28209.3623271229,86.22,0.999728031208421,1.78876609319813
2009,YR2009,Norway,NOR,79977.6970817492,78.815,1.2611272893768,2.28581441447361
2009,YR2009,Poland,POL,11526.0558884824,61.004,0.067763227021235,39.3953245396369
2009,YR2009,Portugal,PRT,23151.2154130712,59.964,0.0953308592370666,13.1125668741129
2009,YR2009,Slovak Republic,SVK,16597.2084581361,54.96,0.133257321027673,28.7377833229362
2009,YR2009,Slovenia,SVN,24792.1279805504,52.433,0.903875535210913,9.14582692174051
2009,YR2009,Spain,ESP,32169.5028548583,78.21,0.88573598057307,25.0611639193037
2009,YR2009,Switzerland,CHE,72083.167695454,73.581,1.24948463127384,10.2743192630833
2009,YR2009,Sweden,SWE,46946.9602719954,84.902,0.851904412936677,6.45088116871496
2009,YR2009,Turkiye,TUR,9103.47405061243,70.241,1.27389035427646,27.7419019528865
2009,YR2009,United States,USA,47194.9433547336,80.606,0.876651298802912,17.3897120718192
2009,YR2009,United Kingdom,GBR,38952.2110262455,81.031,0.756390859593407,25.0031000702683
2010,YR2010,Austria,AUT,46903.7615854343,57.399,0.240394299500766,16.5269025690742
2010,YR2010,Australia,AUS,52087.9722888891,85.182,1.55548958906995,3.331261471174
2010,YR2010,Belgium,BEL,44184.946353964,97.651,0.913639391631709,27.5429326287979
2010,YR2010,Canada,CAN,47562.0834253057,80.937,1.11186407517168,4.20351588685184
2010,YR2010,Chile,CHL,12724.10406267,87.074,1.03891170046699,1.70940860648903
2010,YR2010,Czechia,CZE,19960.0684872157,73.255,0.29136167418042,32.9914540981484
2010,YR2010,Denmark,DNK,58041.3984363385,86.795,0.444197154509531,60.525
2010,YR2010,Estonia,EST,14663.0446126465,68.094,-0.22805796852935,15.2158527954706
2010,YR2010,Finland,FIN,46505.3031791811,83.77,0.457494535465831,7.41954590325765
2010,YR2010,France,FRA,40677.9851405443,78.369,0.494040602950225,33.422456474851
2010,YR2010,Germany,DEU,41572.4559481507,76.966,-0.153198446937304,33.9845655105144
2010,YR2010,Greece,GRC,26716.6488260274,76.292,0.128880432668041,19.9146625290923
2010,YR2010,Hungary,HUN,13223.0830027699,68.911,-0.226013875689698,48.5143046503921
2010,YR2010,Iceland,ISL,43237.0729488958,93.574,-0.143903000294037,1.22693266832918
2010,YR2010,Ireland,IRL,48655.3661626634,61.542,0.544884384079014,6.37015532007548
2010,YR2010,Israel,ISR,30780.0238155167,91.826,1.82675240987847,13.5674676524954
2010,YR2010,Japan,JPN,44968.1562349739,90.812,0.0179605415195644,11.7475994513032
2010,YR2010,Italy,ITA,36035.6449950691,68.327,0.30759122234095,23.8132274667081
2010,YR2010,"Korea, Rep.",KOR,23087.2256438476,81.936,0.49822508440111,15.5041152263374
2010,YR2010,Latvia,LVA,11420.9940032836,67.841,-2.08130508988111,18.8503382775965
2010,YR2010,Lithuania,LTU,11987.508411647,66.757,-2.09694341985475,33.9433585959314
2010,YR2010,Luxembourg,LUX,110885.991378721,88.547,1.8254058035237,24.063298711186
2010,YR2010,Mexico,MEX,9271.39839576997,77.815,1.43814066910139,11.7971141233056
2010,YR2010,Netherlands,NLD,50999.7451168879,87.134,0.512923100553586,30.3172250222354
2010,YR2010,New Zealand,NZL,33676.7741239925,86.16,1.1117260560215,1.89510462952414
2010,YR2010,Norway,NOR,87693.7900658099,79.102,1.24566617956207,2.26040674179453
2010,YR2010,Poland,POL,12613.0109954681,60.892,-0.285609121534849,35.3565365025467
2010,YR2010,Portugal,PRT,22520.6423124045,60.567,0.0459100367184907,12.5294246096735
2010,YR2010,Slovak Republic,SVK,16841.7677398734,54.685,0.0931912731899838,28.9451248674388
2010,YR2010,Slovenia,SVN,23532.4808545468,52.658,0.43607948463593,9.16252196443994
2010,YR2010,Spain,ESP,30532.4805081656,78.442,0.460408305051304,25.0554988900222
2010,YR2010,Switzerland,CHE,77117.126014204,73.607,1.0415580576588,10.2363599554611
2010,YR2010,Sweden,SWE,52869.0442891587,85.056,0.852524628765313,6.428541092361
2010,YR2010,Turkiye,TUR,10742.7749787626,70.825,1.40008860606542,27.784779699336
2010,YR2010,United States,USA,48650.6431283336,80.772,0.829616674709795,17.2416375327688
2010,YR2010,United Kingdom,GBR,39688.6149684498,81.302,0.783888646646516,24.6765593353449
2011,YR2011,Austria,AUT,51442.2762464407,57.115,0.337080841831645,16.4760058167717
2011,YR2011,Australia,AUS,62574.1457032412,85.3,1.38952731561803,4.12570454160863
2011,YR2011,Belgium,BEL,47410.5669277464,97.698,1.3010029017038,27.2457067371202
2011,YR2011,Canada,CAN,52223.696112356,81.096,0.978697786570341,4.15867778919179
2011,YR2011,Chile,CHL,14577.6326608147,87.132,0.997514840169031,1.77127547973725
2011,YR2011,Czechia,CZE,21871.2660754128,73.185,0.206747667335417,32.650653890975
2011,YR2011,Denmark,DNK,61753.647131977,86.957,0.411737855195019,62.475
2011,YR2011,Estonia,EST,17487.8047830922,67.965,-0.303582823643979,14.9186128803963
2011,YR2011,Finland,FIN,51148.9316365833,84.313,0.463558707499131,7.40564019875613
2011,YR2011,France,FRA,43848.106054888,78.622,0.483675544447657,33.3744249457134
2011,YR2011,Germany,DEU,46705.8957963353,77.16,-1.8537146287573,34.0687399586872
2011,YR2011,Greece,GRC,25483.8825644931,76.649,-0.147951277402184,19.7982932505818
2011,YR2011,Hungary,HUN,14240.2575010219,69.358,-0.283360435946948,48.5474428366287
2011,YR2011,Iceland,ISL,47714.5922308485,93.587,0.305468368224399,1.21895261845387
2011,YR2011,Ireland,IRL,52177.1126832014,61.742,0.436072439258428,6.66482798664538
2011,YR2011,Israel,ISR,33775.5120004457,91.892,1.84807786159597,13.6645101663586
2011,YR2011,Japan,JPN,48760.0789494211,91.069,-0.185226486410846,11.6707818930041
2011,YR2011,Italy,ITA,38649.6394836789,68.444,0.171978290995717,22.7243522545127
2011,YR2011,"Korea, Rep.",KOR,25096.2638838239,81.923,0.768971758582589,15.3102171005247
2011,YR2011,Latvia,LVA,13338.9622350852,67.869,-1.82076700208005,18.6092853584457
2011,YR2011,Lithuania,LTU,14376.9478643932,66.741,-2.25846389882827,34.8741104764336
2011,YR2011,Luxembourg,LUX,119025.057203467,88.906,2.22266050326725,24.1293319764145
2011,YR2011,Mexico,MEX,10203.4212952716,78.111,1.39478996981758,11.6854857378019
2011,YR2011,Netherlands,NLD,54230.3129029852,87.879,0.466428782200821,29.8339264531435
2011,YR2011,New Zealand,NZL,38387.6270784076,86.1,0.762479795105218,1.78876609319813
2011,YR2011,Norway,NOR,100600.562407589,79.455,1.297189390693,2.239598733997
2011,YR2011,Poland,POL,13879.5609852546,60.78,0.0537697088781007,36.2407340887568
2011,YR2011,Portugal,PRT,23217.2954965207,61.167,-0.147084878575482,12.3023255813953
2011,YR2011,Slovak Republic,SVK,18430.1298033985,54.42,0.128936462723796,28.9302944601564
2011,YR2011,Slovenia,SVN,25128.0150431304,52.883,0.207732702329724,9.15069989079718
2011,YR2011,Spain,ESP,31677.9003083652,78.673,0.355338396471428,24.8639673521645
2011,YR2011,Switzerland,CHE,91254.0347609687,73.631,1.11187894263206,10.2211762324122
2011,YR2011,Sweden,SWE,60755.7595508465,85.297,0.755150133665177,6.39294426740138
2011,YR2011,Turkiye,TUR,11420.5554558378,71.402,1.53156607830159,26.6868495250965
2011,YR2011,United States,USA,50065.9665041742,80.944,0.726786704810745,17.0935629937184
2011,YR2011,United Kingdom,GBR,42284.8844902996,81.57,0.781506562236639,25.0568346215848
2012,YR2012,Austria,AUT,48564.9173350875,57.147,0.45593747231891,16.4214735821619
2012,YR2012,Australia,AUS,68027.8417067378,85.402,1.74582000067359,4.11821980396496
2012,YR2012,Belgium,BEL,44670.5606845101,97.744,0.620163579337378,26.5191545574637
2012,YR2012,Canada,CAN,52669.0899632316,81.137,1.08581726304756,4.18645064072749
2012,YR2012,Chile,CHL,15354.6184041413,87.189,0.96307999965156,1.72554779081465
2012,YR2012,Czechia,CZE,19870.8012123403,73.197,0.139925655740972,32.614269066425
2012,YR2012,Denmark,DNK,58507.5080517852,87.142,0.376272242619955,60.45
2012,YR2012,Estonia,EST,17403.2053254767,67.974,-0.357944411443807,14.6378862939372
2012,YR2012,Finland,FIN,47708.0612784469,84.841,0.475809486683209,7.40103326861693
2012,YR2012,France,FRA,40872.3624615688,78.878,0.483998961260596,33.3877568910634
2012,YR2012,Germany,DEU,43855.8544658618,77.17,0.187727800567293,33.9530613415964
2012,YR2012,Greece,GRC,21912.9982879517,77.004,-0.540752950543684,19.7051978277735
2012,YR2012,Hungary,HUN,12989.1802815896,69.678,-0.516437606548041,48.5695349607865
2012,YR2012,Iceland,ISL,45995.5478789467,93.6,0.532100734916982,1.20897755610973
2012,YR2012,Ireland,IRL,49026.0230672702,61.942,0.4237438032978,7.00551604006387
2012,YR2012,Israel,ISR,32667.6068723254,91.96,1.84615132126711,13.6229205175601
2012,YR2012,Japan,JPN,49145.2804308193,91.148,-0.159710675844347,11.6488340192044
2012,YR2012,Italy,ITA,35051.5212697703,68.684,0.269541239520996,24.0702290695866
2012,YR2012,"Korea, Rep.",KOR,25466.7605170594,81.851,0.525713660600414,15.6427910800534
2012,YR2012,Latvia,LVA,13847.3379393194,67.897,-1.24035915329271,18.9306892506468
2012,YR2012,Lithuania,LTU,14367.709424872,66.864,-1.34120198821595,36.0675878354661
2012,YR2012,Luxembourg,LUX,112584.676270958,89.249,2.40154189982875,24.3002416040645
2012,YR2012,Mexico,MEX,10241.727828043,78.405,1.35529442643505,11.6011214280203
2012,YR2012,Netherlands,NLD,50070.1416045904,88.588,0.370055034770235,29.982206405694
2012,YR2012,New Zealand,NZL,39973.3807587223,86.161,0.548220797298334,1.93308267821199
2012,YR2012,Norway,NOR,101524.141851985,79.874,1.31344098868985,2.22289756984372
2012,YR2012,Poland,POL,13097.2708482174,60.654,-0.000239076003298365,35.6769642740513
2012,YR2012,Portugal,PRT,20563.7136012629,61.763,-0.405421787747567,12.2701168249809
2012,YR2012,Slovak Republic,SVK,17429.829750132,54.28,0.170183855326072,28.9531691898187
2012,YR2012,Slovenia,SVN,22641.805122503,53.108,0.210024305900448,9.1185712087443
2012,YR2012,Spain,ESP,28322.8092495057,78.902,0.0649259625617232,25.1294456328342
2012,YR2012,Switzerland,CHE,86547.6708907265,73.653,1.06181932886789,10.218645611904
2012,YR2012,Sweden,SWE,58037.8213192173,85.62,0.739763272434863,6.36765824691283
2012,YR2012,Turkiye,TUR,11795.6334567571,71.974,1.63114823337747,26.736223899796
2012,YR2012,United States,USA,51784.4185738837,81.119,0.733599941250847,16.9454884546681
2012,YR2012,United Kingdom,GBR,42686.8000524926,81.837,0.695353132322269,25.6768486752366
2013,YR2013,Austria,AUT,50731.1272541847,57.336,0.589387254692989,16.4069316529326
2013,YR2013,Australia,AUS,68156.6279162085,85.502,1.721151439989,4.06399125261966
2013,YR2013,Belgium,BEL,46757.9518559598,97.789,0.471340143966627,26.9484808454425
2013,YR2013,Canada,CAN,52635.1749580433,81.178,1.05659125917789,4.2142234922632
2013,YR2013,Chile,CHL,15777.7815089667,87.246,0.978805917146093,1.76051602352017
2013,YR2013,Czechia,CZE,20133.1691431353,73.29,0.0331699460503076,32.3879823879824
2013,YR2013,Denmark,DNK,61191.1937042028,87.292,0.416901360752097,60.19
2013,YR2013,Estonia,EST,19056.0019226989,68.122,-0.355891802625531,14.6767885898321
2013,YR2013,Finland,FIN,49892.2233632732,85.125,0.460723772785295,7.31876665898845
2013,YR2013,France,FRA,42605.0443782179,79.135,0.514773829097755,33.4315879442688
2013,YR2013,Germany,DEU,46298.9229177341,77.18,0.272900214681538,34.0403577161202
2013,YR2013,Greece,GRC,21787.7877636035,77.355,-0.725120806658085,19.4724592707525
2013,YR2013,Hungary,HUN,13719.9505393621,69.953,-0.27536875707442,47.6748039323981
2013,YR2013,Iceland,ISL,49804.9829978371,93.633,0.945885900369151,1.20897755610973
2013,YR2013,Ireland,IRL,51533.0345651701,62.141,0.526556158855653,6.8811148207287
2013,YR2013,Israel,ISR,36499.4561082284,92.031,1.86605289478673,13.2070240295749
2013,YR2013,Japan,JPN,40898.6478964744,91.226,-0.144271883387076,11.6268861454047
2013,YR2013,Italy,ITA,35560.0814062288,68.979,1.1592511168095,23.0861834585653
2013,YR2013,"Korea, Rep.",KOR,27182.7343101936,81.779,0.455218622164662,15.3531911399421
2013,YR2013,Latvia,LVA,15007.4918561719,67.925,-1.07103480329077,19.4127950889485
2013,YR2013,Lithuania,LTU,15729.6524666512,66.986,-1.01200736818103,36.5456721180694
2013,YR2013,Luxembourg,LUX,120000.140729859,89.574,2.31117625275217,24.257514197152
2013,YR2013,Mexico,MEX,10725.1835873796,78.699,1.31555760676608,11.5697420201137
2013,YR2013,Netherlands,NLD,52198.8975607454,89.187,0.294820793441482,30.8222024339567
2013,YR2013,New Zealand,NZL,42976.6495882584,86.221,0.768347998194806,2.07739926322586
2013,YR2013,Norway,NOR,102913.450843674,80.286,1.20914158930136,2.21237990621023
2013,YR2013,Poland,POL,13696.4663046143,60.529,-0.0603600174744649,35.2437869436008
2013,YR2013,Portugal,PRT,21653.1959752225,62.352,-0.548815210952228,12.4284429268207
2013,YR2013,Slovak Republic,SVK,18208.4175936578,54.14,0.107458009492367,28.3147562801531
2013,YR2013,Slovenia,SVN,23503.2824850255,53.332,0.135726228915631,9.1837140019861
2013,YR2013,Spain,ESP,29067.809460022,79.133,-0.327669039579687,24.3517722556526
2013,YR2013,Switzerland,CHE,88109.4867524037,73.674,1.14987975781229,10.1959130478793
2013,YR2013,Sweden,SWE,61126.9431963979,85.936,0.847348652246305,6.35494158806519
2013,YR2013,Turkiye,TUR,12614.7816100386,72.531,1.69274545557577,26.732325922846
2013,YR2013,United States,USA,53291.1276891406,81.299,0.692860276624581,17.0051664841015
2013,YR2013,United Kingdom,GBR,43713.8141242308,82.102,0.669740535540783,25.8975736783367
2014,YR2014,Austria,AUT,51786.3771747905,57.526,0.781541632525841,16.3802714493456
2014,YR2014,Australia,AUS,62511.6905895284,85.602,1.49156648912847,4.16025148718483
2014,YR2014,Belgium,BEL,47764.0715120833,97.833,0.44392928847521,26.9815059445178
2014,YR2014,Canada,CAN,50955.9983232404,81.218,1.00533757867378,4.2419963437989
2014,YR2014,Chile,CHL,14606.9967241905,87.303,1.06117867141393,1.73388636938289
2014,YR2014,Czechia,CZE,19890.9199056648,73.384,0.105277581527518,32.2325822325822
2014,YR2014,Denmark,DNK,62548.9847332908,87.41,0.507053283010163,60.8
2014,YR2014,Estonia,EST,20261.0667303886,68.269,-0.262256175097854,15.0448585231194
2014,YR2014,Finland,FIN,50327.2402902632,85.175,0.413560207519414,7.34081411036888
2014,YR2014,France,FRA,43068.5487241739,79.394,0.473706907839969,33.4816283966783
2014,YR2014,Germany,DEU,48023.8699845462,77.19,0.416877359168292,34.018343364861
2014,YR2014,Greece,GRC,21616.7100094908,77.702,-0.666113290031891,17.2536850271528
2014,YR2014,Hungary,HUN,14298.833667395,70.227,-0.269378767165116,47.3591935130397
2014,YR2014,Iceland,ISL,54576.7448146565,93.667,1.11250475522796,1.20897755610973
2014,YR2014,Ireland,IRL,55599.850799684,62.34,0.731001376585771,6.7525039918711
2014,YR2014,Israel,ISR,37847.6499432106,92.104,1.91954379859591,13.8863216266174
2014,YR2014,Japan,JPN,38475.3952461838,91.304,-0.132694222147042,11.5829903978052
2014,YR2014,Italy,ITA,35565.7213771496,69.272,0.917504095962437,22.7514050548157
2014,YR2014,"Korea, Rep.",KOR,29249.5752209742,81.707,0.628149861433639,15.1493379862465
2014,YR2014,Latvia,LVA,15742.3913381908,67.952,-0.941743354234222,19.4288652835586
2014,YR2014,Lithuania,LTU,16551.018202078,67.108,-0.859827343070249,37.51316839585
2014,YR2014,Luxembourg,LUX,123678.702143275,89.884,2.35697870484045,24.3196631526611
2014,YR2014,Mexico,MEX,10928.9160089988,78.993,1.27768636604222,11.3999845675043
2014,YR2014,Netherlands,NLD,52900.537415323,89.69,0.359828172726548,31.0181062629861
2014,YR2014,New Zealand,NZL,44572.8987536626,86.281,1.66101200071152,2.24070487258365
2014,YR2014,Norway,NOR,97019.1827527462,80.692,1.12773667734928,2.21353681650361
2014,YR2014,Poland,POL,14271.3058536202,60.403,-0.0748462292920506,35.6902576831379
2014,YR2014,Portugal,PRT,22103.7009703321,62.936,-0.539190466792077,11.9875859117783
2014,YR2014,Slovak Republic,SVK,18655.7901089421,54,0.0970454215834878,28.2695507487521
2014,YR2014,Slovenia,SVN,24247.1733184083,53.557,0.0983519219451147,9.13803376365442
2014,YR2014,Spain,ESP,29500.7894328615,79.366,-0.298951059088036,24.5456908098599
2014,YR2014,Switzerland,CHE,89684.7075795936,73.696,1.22010397343287,10.1083561089179
2014,YR2014,Sweden,SWE,60020.3604576572,86.247,0.992219728591882,6.33557200538028
2014,YR2014,Turkiye,TUR,12157.9904337823,73.077,1.70264361643927,26.8947416290945
2014,YR2014,United States,USA,55123.8497869046,81.483,0.733361519937424,17.064844513535
2014,YR2014,United Kingdom,GBR,47787.2412984884,82.365,0.736463978721671,25.7657173562601
2015,YR2015,Austria,AUT,44195.8175947748,57.715,1.12099250236958,16.3124091129423
2015,YR2015,Australia,AUS,56707.0220772116,85.701,1.43921665259925,4.04705622014241
2015,YR2015,Belgium,BEL,41008.296719472,97.876,0.579446241677791,27.3943196829591
2015,YR2015,Canada,CAN,43596.1355365546,81.259,0.746339477969813,4.26988073289098
2015,YR2015,Chile,CHL,13495.0106099649,87.36,1.17771785691816,1.76589575162871
2015,YR2015,Czechia,CZE,17829.6983223668,73.477,0.196588748472653,32.2497085869706
2015,YR2015,Denmark,DNK,53254.8563700916,87.526,0.706423849687002,58.791275
2015,YR2015,Estonia,EST,17402.0376128079,68.416,0.0655525295417938,15.527950310559
2015,YR2015,Finland,FIN,42801.9081167285,85.225,0.329383885818507,7.37817116909611
2015,YR2015,France,FRA,36652.9223052178,79.655,0.355569240058298,33.7475367861245
2015,YR2015,Germany,DEU,41103.2564363768,77.2,0.865702643950251,33.9563148540962
2015,YR2015,Greece,GRC,18083.8779056547,78.046,-0.658861360878339,16.8425135764158
2015,YR2015,Hungary,HUN,12720.7120220668,70.5,-0.237855001984657,47.3811089195705
2015,YR2015,Iceland,ISL,52951.6815110898,93.7,1.04194038662969,1.2069825436409
2015,YR2015,Ireland,IRL,62012.4849258149,62.538,0.944845307474728,6.57570039192916
2015,YR2015,Israel,ISR,35808.4364289727,92.179,1.98128897562083,13.7338262476895
2015,YR2015,Japan,JPN,34960.6393843385,91.381,-0.106124993746747,11.5363511659808
2015,YR2015,Italy,ITA,30242.3861352184,69.565,-0.0963761331392095,22.3219418500058
2015,YR2015,"Korea, Rep.",KOR,28732.2310762599,81.634,0.527288497407793,15.0289907127097
2015,YR2015,Latvia,LVA,13786.4567953114,67.98,-0.818626340945853,19.7631253314478
2015,YR2015,Lithuania,LTU,14263.9645773495,67.23,-0.940753796646208,34.6671987230646
2015,YR2015,Luxembourg,LUX,105462.012584423,90.179,2.35995118136865,24.3934650373282
2015,YR2015,Mexico,MEX,9616.64555810607,79.285,1.24116450246976,11.3418555003987
2015,YR2015,Netherlands,NLD,45193.4032187971,90.173,0.443220089035769,30.9474309474309
2015,YR2015,New Zealand,NZL,38630.7265886928,86.341,2.0360339086492,1.81535072727963
2015,YR2015,Norway,NOR,74355.5158575643,81.091,0.995084736958414,2.2101904566573
2015,YR2015,Poland,POL,12578.4954734362,60.278,-0.0666411009657168,35.5563538979065
2015,YR2015,Portugal,PRT,19250.1065376852,63.514,-0.414141101993213,11.6800719606662
2015,YR2015,Slovak Republic,SVK,16342.2162621093,53.889,0.0950338786482762,28.0770350650971
2015,YR2015,Slovenia,SVN,20890.1664304173,53.781,0.075190689011533,9.14678343411476
2015,YR2015,Spain,ESP,25742.3688346767,79.602,-0.077588861590047,24.5731005621812
2015,YR2015,Switzerland,CHE,84776.1421659748,73.718,1.13833715247736,10.081954082938
2015,YR2015,Sweden,SWE,51545.4836095322,86.553,1.05745468551674,6.32242261090945
2015,YR2015,Turkiye,TUR,11006.2795239649,73.611,1.66948158450263,26.8310746722451
2015,YR2015,United States,USA,56762.7294515989,81.671,0.73621730882542,17.1245116109242
2015,YR2015,United Kingdom,GBR,45404.5677734722,82.626,0.792367505802859,24.8460298433431
2016,YR2016,Austria,AUT,45307.5878620429,57.905,1.08139629872802,16.2928986912264
2016,YR2016,Australia,AUS,49881.7637140466,85.8,1.56194049810399,3.90755614259973
2016,YR2016,Belgium,BEL,42012.6227191016,97.919,0.506300002451376,28.0515191545575
2016,YR2016,Canada,CAN,42315.6037056806,81.3,1.13234865466606,4.29754204687031
2016,YR2016,Chile,CHL,13690.9074621215,87.422,1.32520687841934,1.70779468805647
2016,YR2016,Czechia,CZE,18575.2320271915,73.57,0.192048415842684,32.2626602771662
2016,YR2016,Denmark,DNK,54663.9983719195,87.642,0.780392644135167,59.2625
2016,YR2016,Estonia,EST,18295.3429322114,68.563,0.0291122255540077,16.0110420979986
2016,YR2016,Finland,FIN,43814.0265056965,85.275,0.287421401687637,7.39034582606693
2016,YR2016,France,FRA,37062.5335723829,79.917,0.263868788565368,33.5232971179256
2016,YR2016,Germany,DEU,42136.1207907991,77.224,0.807218538573871,33.6701396839936
2016,YR2016,Greece,GRC,17923.9668134716,78.387,-0.415913028277122,16.6020170674942
2016,YR2016,Hungary,HUN,13107.3779137744,70.779,-0.295110604845478,47.3701512163051
2016,YR2016,Iceland,ISL,61987.9263620283,93.735,1.38808149583838,1.2069825436409
2016,YR2016,Ireland,IRL,62861.6391157902,62.737,1.12883406399428,6.69182755116853
2016,YR2016,Israel,ISR,37330.261796968,92.256,1.9603489624817,13.6321626617375
2016,YR2016,Japan,JPN,39375.4731620781,91.457,-0.0511374152133631,11.4787379972565
2016,YR2016,Italy,ITA,30960.7315088902,69.855,-0.169884073301448,22.6465754536416
2016,YR2016,"Korea, Rep.",KOR,29288.8704389833,81.562,0.396851823381145,14.5760034465427
2016,YR2016,Latvia,LVA,14331.7515885049,68.021,-0.913885332226604,20.6984106577531
2016,YR2016,Lithuania,LTU,15008.3132445526,67.366,-1.27069453298857,34.2070815108074
2016,YR2016,Luxembourg,LUX,106899.293549552,90.46,2.15531198799205,24.0283399237122
2016,YR2016,Mexico,MEX,8744.51555912786,79.577,1.20325950587092,11.1880449600041
2016,YR2016,Netherlands,NLD,46039.1059284098,90.635,0.532178879608489,30.5316305316305
2016,YR2016,New Zealand,NZL,40058.1961621466,86.4,2.24603210015584,2.05461243401314
2016,YR2016,Norway,NOR,70460.5605323322,81.485,0.880969815359919,2.2049333563342
2016,YR2016,Poland,POL,12447.4395912808,60.178,-0.04298513087435,35.291812273425
2016,YR2016,Portugal,PRT,19991.9724878805,64.086,-0.315459016997883,10.7223794178522
2016,YR2016,Slovak Republic,SVK,16512.2929859005,53.806,0.128922329956911,28.0158069883527
2016,YR2016,Slovenia,SVN,21678.3594670629,54.02,0.0731972072415279,9.14804885314269
2016,YR2016,Spain,ESP,26523.3482221547,79.84,0.0844301500680736,24.6958948202833
2016,YR2016,Switzerland,CHE,83073.2800824812,73.739,1.09203117387253,10.0894548364297
2016,YR2016,Sweden,SWE,51965.1571531985,86.852,1.25645398510305,6.29882882509526
2016,YR2016,Turkiye,TUR,10894.6033779275,74.134,1.63994240407574,26.4828553980484
2016,YR2016,United States,USA,57866.7449341091,81.862,0.724676067451429,17.1841896403576
2016,YR2016,United Kingdom,GBR,41499.5557033073,82.886,0.757874492811929,24.9080746496921
2017,YR2017,Austria,AUT,47429.1584564387,58.094,0.694621103604983,16.1044595249636
2017,YR2017,Australia,AUS,53934.2501750463,85.904,1.68452310845434,3.99790952181612
2017,YR2017,Belgium,BEL,44198.4823908691,97.961,0.385228018372369,27.6089828269485
2017,YR2017,Canada,CAN,45129.4292980922,81.35,1.19952071057872,4.29519975818658
2017,YR2017,Chile,CHL,14962.5568471791,87.49,1.42514142087535,1.72420285878752
2017,YR2017,Czechia,CZE,20636.199952435,73.675,0.265642663548985,32.327418728144
2017,YR2017,Denmark,DNK,57610.0981801135,87.757,0.643350903737356,59.185
2017,YR2017,Estonia,EST,20437.765376736,68.717,0.121070631466687,15.8830409356725
2017,YR2017,Finland,FIN,46412.1364777169,85.325,0.234670531705453,7.3769413003422
2017,YR2017,France,FRA,38781.0494870836,80.18,0.29020211635109,33.7213605158915
2017,YR2017,Germany,DEU,44652.5891722719,77.261,0.373724559895838,33.694936600166
2017,YR2017,Greece,GRC,18582.0893411631,78.724,-0.197783224759792,16.6244173778123
2017,YR2017,Hungary,HUN,14623.6966492311,71.062,-0.265860932255517,47.3701512163051
2017,YR2017,Iceland,ISL,72010.1490316258,93.773,2.34558267643862,1.2069825436409
2017,YR2017,Ireland,IRL,69774.0289724953,62.947,1.08867556062,6.69182755116853
2017,YR2017,Israel,ISR,40774.1296073227,92.336,1.93872567441099,17.8835489833641
2017,YR2017,Japan,JPN,38834.0529341227,91.535,-0.081874296046114,11.4156378600823
2017,YR2017,Italy,ITA,32406.7203150134,70.144,-0.14986111697397,22.779370887129
2017,YR2017,"Korea, Rep.",KOR,31616.8434004683,81.503,0.280968018301691,14.323659111886
2017,YR2017,Latvia,LVA,15695.1151541059,68.075,-0.886215573292392,20.7305510469732
2017,YR2017,Lithuania,LTU,16885.4073948373,67.516,-1.39832220092102,33.5834357689054
2017,YR2017,Luxembourg,LUX,110193.213797228,90.727,2.43097641776115,24.097480636716
2017,YR2017,Mexico,MEX,9287.84958732302,79.867,1.16396694963579,10.4205355076005
2017,YR2017,Netherlands,NLD,48675.2223350213,91.077,0.591203366164118,30.7989307989308
2017,YR2017,New Zealand,NZL,42924.9955958449,86.466,2.08872272281936,1.86472219057385
2017,YR2017,Norway,NOR,75496.7540581998,81.871,0.807673181884948,2.19512328722102
2017,YR2017,Poland,POL,13864.6817579973,60.105,0.0124800985844923,35.6216728175316
2017,YR2017,Portugal,PRT,21490.429863104,64.652,-0.243889410358812,10.567606128883
2017,YR2017,Slovak Republic,SVK,17538.048584386,53.751,0.155178995687406,27.932612312812
2017,YR2017,Slovenia,SVN,23514.0254604147,54.273,0.0651590392490152,9.1369096389431
2017,YR2017,Spain,ESP,28170.1678643302,80.08,0.234587922968563,24.529740774323
2017,YR2017,Switzerland,CHE,83352.0886533412,73.761,0.933155888738653,10.0765157835947
2017,YR2017,Sweden,SWE,53791.5087298403,87.146,1.34744505956262,6.27312362868792
2017,YR2017,Turkiye,TUR,10589.667724687,74.644,1.60131223365858,25.9839143484532
2017,YR2017,United States,USA,59914.777796976,82.058,0.63264399508256,17.2438567377468
2017,YR2017,United Kingdom,GBR,40857.7555829627,83.143,0.679374473924223,25.1431380977969
,,,,,,,
,,,,,,,
,,,,,,,
Data from database: World Development Indicators,,,,,,,
Last Updated: 09/16/2022,,,,,,,
