Time,Time Code,Country Name,Country Code,GDP per capita (current US$) [NY.GDP.PCAP.CD],Urban population (% of total population) [SP.URB.TOTL.IN.ZS],Population growth (annual %) [SP.POP.GROW],"Agriculture, forestry, and fishing, value added (% of GDP) [NV.AGR.TOTL.ZS]"
2000,YR2000,Australia,AUS,21697.7084797731,84.235,1.19227232344832,3.11490323731114
2000,YR2000,Austria,AUT,24625.6007227434,60.213,0.240466652446524,1.64730021298979
2000,YR2000,Belgium,BEL,23098.8865077401,97.129,0.242517956221334,1.17600527973714
2000,YR2000,Canada,CAN,24271.0020563821,79.478,0.931281553452429,2.09165300710719
2000,YR2000,Chile,CHL,5100.25413288222,86.073,1.17718527887184,5.08296243051118
2000,YR2000,Czechia,CZE,6029.03819275358,73.988,-0.280414108078884,3.25052833080989
2000,YR2000,Denmark,DNK,30743.5476816354,85.1,0.334233618829261,2.151853225624
2000,YR2000,Estonia,EST,4070.60902410208,69.368,0.483707161729931,3.88500958820541
2000,YR2000,Finland,FIN,24345.9148217032,82.183,0.2076065154133,2.95363597719177
2000,YR2000,France,FRA,22419.6948211313,75.871,0.684945783642239,2.0983575513075
2000,YR2000,Greece,GRC,12072.9293569196,72.716,0.409041838238246,5.43524818135254
2000,YR2000,Germany,DEU,23694.7604830673,74.965,0.135431600393084,0.994789221891906
2000,YR2000,Hungary,HUN,4624.28165670295,64.575,-0.259764908288633,4.93445987752074
2000,YR2000,Iceland,ISL,32096.3722613695,92.401,1.36919283329812,7.00385857422343
2000,YR2000,Ireland,IRL,26334.5672050501,59.155,1.33304266586712,2.50492903890048
2000,YR2000,Israel,ISR,21061.4822833993,91.203,2.64233191305756,1.33047150849241
2000,YR2000,Italy,ITA,20137.5912217673,67.222,0.045303631138613,2.56361411951499
2000,YR2000,Japan,JPN,39169.3595701504,78.649,0.167275578113187,1.5178803390325
2000,YR2000,"Korea, Rep.",KOR,12256.9935679503,79.621,0.836180864297766,3.8577920379894
2000,YR2000,Latvia,LVA,3361.64086880275,68.067,-0.963935407092365,4.4653191603977
2000,YR2000,Luxembourg,LUX,48659.5988753233,84.216,1.34408299573143,0.596866957478124
2000,YR2000,Lithuania,LTU,3293.22997867086,66.986,-0.703385440488978,5.58605077769058
2000,YR2000,Mexico,MEX,7157.81449985734,74.722,1.4410967038977,3.32308631189687
2000,YR2000,Netherlands,NLD,26214.498549887,76.795,0.714770362784392,2.29863696801156
2000,YR2000,New Zealand,NZL,13641.1027183822,86.021,0.587564086381346,7.75290180992832
2000,YR2000,Norway,NOR,38131.4606116242,76.02,0.649044821192665,1.82301531961815
2000,YR2000,Poland,POL,4501.45406742273,61.716,-1.04433539837844,3.12672432106006
2000,YR2000,Portugal,PRT,11526.3720667968,54.399,0.702859953319024,3.10974828415915
2000,YR2000,Slovak Republic,SVK,5426.62428119306,56.233,-0.135376487794425,1.71030559393339
2000,YR2000,Slovenia,SVN,10201.3035366727,50.754,0.29607496005045,3.08556322926251
2000,YR2000,Spain,ESP,14749.6874248766,76.262,0.447137014535835,3.74530563354845
2000,YR2000,Sweden,SWE,29624.9126748618,84.026,0.160575484575313,1.94285989541354
2000,YR2000,Switzerland,CHE,38952.0342005572,73.383,0.561954617400164,1.05153529982011
2000,YR2000,Turkiye,TUR,4337.47800296354,64.741,1.51810979845438,10.0328526543258
2000,YR2000,United Kingdom,GBR,28223.0675706515,78.651,0.357300887421605,0.850705507510241
2000,YR2000,United States,USA,36329.9560727102,79.057,1.11276899679534,1.15055536360653
2001,YR2001,Australia,AUS,19527.3235767954,84.1,1.34835834227145,3.50219780997615
2001,YR2001,Austria,AUT,24558.7636778868,59.934,0.382799394483217,1.67070339573168
2001,YR2001,Belgium,BEL,23015.0712632462,97.186,0.343951157623668,1.10935029767163
2001,YR2001,Canada,CAN,23822.0601178964,79.81,1.08635096562717,2.11789067175753
2001,YR2001,Chile,CHL,4609.21396034224,86.363,1.12619894374837,4.06242026416145
2001,YR2001,Czechia,CZE,6637.04165713981,73.877,-0.375719704335905,3.20352708630753
2001,YR2001,Denmark,DNK,30751.654348268,85.15,0.358315678955486,2.33950941505079
2001,YR2001,Estonia,EST,4505.85833233188,69.242,-0.63696312445507,3.49396864407665
2001,YR2001,Finland,FIN,24967.7925153182,82.368,0.227687341886374,2.76433332411428
2001,YR2001,France,FRA,22452.9823753273,76.127,0.727789664461319,2.10700819139254
2001,YR2001,Greece,GRC,12549.036894906,72.913,0.51988446396193,5.20270209625701
2001,YR2001,Germany,DEU,23628.3272122367,75.17,0.168225361337335,1.08343229583805
2001,YR2001,Hungary,HUN,5276.03318905496,64.67,-0.229379183308447,4.91438887698312
2001,YR2001,Iceland,ISL,28897.4439396908,92.532,1.32929525456819,7.48486716532358
2001,YR2001,Ireland,IRL,28282.409882073,59.399,1.59215149039299,1.99385983232223
2001,YR2001,Israel,ISR,20316.2480483237,91.267,2.35711729946802,1.53744213546385
2001,YR2001,Italy,ITA,20500.9543995672,67.282,0.0561676014374784,2.48963145584114
2001,YR2001,Japan,JPN,34406.1824638092,79.99,0.240952587521069,1.36750619152798
2001,YR2001,"Korea, Rep.",KOR,11561.2483689073,79.94,0.767241774760276,3.56581902129398
2001,YR2001,Latvia,LVA,3578.00190041351,67.95,-1.29148694354873,4.41345812396173
2001,YR2001,Luxembourg,LUX,48440.1420151355,84.843,1.19045634528707,0.560287361469729
2001,YR2001,Lithuania,LTU,3525.79363185461,66.919,-0.824008723044179,4.87429863580582
2001,YR2001,Mexico,MEX,7544.56872335784,75.045,1.40395986845276,3.40326534775438
2001,YR2001,Netherlands,NLD,26896.5481111196,77.83,0.754840057734904,2.22461562086905
2001,YR2001,New Zealand,NZL,13882.8568268586,86.1,0.589286034969052,7.98138479706632
2001,YR2001,Norway,NOR,38542.715099709,76.378,0.506046910557235,1.58869172655478
2001,YR2001,Poland,POL,4991.24435799511,61.761,-0.0275871247282958,3.25341501737577
2001,YR2001,Portugal,PRT,11734.7649743954,55.044,0.705230637323876,2.96074957358316
2001,YR2001,Slovak Republic,SVK,5722.1681828083,56.163,-0.18301227099618,2.12021767859932
2001,YR2001,Slovenia,SVN,10479.7596309273,50.78,0.157498742047657,2.78807125237532
2001,YR2001,Spain,ESP,15369.0011599444,76.343,0.694068084334464,3.67764014761916
2001,YR2001,Sweden,SWE,27247.857734793,84.071,0.268470527954234,1.94493737546086
2001,YR2001,Switzerland,CHE,39727.8466713883,73.375,0.632771238018431,0.91885973243129
2001,YR2001,Turkiye,TUR,3142.92099774582,65.34,1.49422662100438,8.78803796915921
2001,YR2001,United Kingdom,GBR,27806.4488245133,78.751,0.384975969564228,0.782120850455726
2001,YR2001,United States,USA,37133.623113437,79.234,0.989741382223669,1.1292569744094
2002,YR2002,Australia,AUS,20117.7888912664,84.222,1.22056378534358,3.94915687175001
2002,YR2002,Austria,AUT,26527.5930910347,59.655,0.49198046425522,1.56277441149196
2002,YR2002,Belgium,BEL,25006.191397109,97.241,0.448268894821562,1.03313414275776
2002,YR2002,Canada,CAN,24255.3385818322,79.888,1.08744792718674,1.98762322116267
2002,YR2002,Chile,CHL,4481.83125502139,86.606,1.0788448744697,4.06503324753284
2002,YR2002,Czechia,CZE,8060.86870292424,73.809,-0.192901617564167,2.65958672335973
2002,YR2002,Denmark,DNK,33228.6935448819,85.25,0.319487125340996,1.7811164321679
2002,YR2002,Estonia,EST,5341.62894677002,69.116,-0.633433796423808,3.55352070544501
2002,YR2002,Finland,FIN,26997.7529897788,82.503,0.242381050233372,2.67230580660803
2002,YR2002,France,FRA,24292.5802304835,76.38,0.727226637519812,2.01085885192927
2002,YR2002,Greece,GRC,14177.5721592705,73.303,0.366566462148184,4.98711360482813
2002,YR2002,Germany,DEU,25197.2656001848,75.374,0.168128319406931,0.900496788164431
2002,YR2002,Hungary,HUN,6655.33300865319,65.081,-0.28475137719698,4.26079504256631
2002,YR2002,Iceland,ISL,32409.2161491753,92.662,0.892596377462957,7.51299343302451
2002,YR2002,Ireland,IRL,32705.4345565698,59.649,1.68514885730282,1.7353084894094
2002,YR2002,Israel,ISR,18439.6461555058,91.33,2.01405839404727,1.58875723097915
2002,YR2002,Italy,ITA,22376.2978989329,67.382,0.148916429490753,2.37138225861722
2002,YR2002,Japan,JPN,32820.7936433254,81.647,0.232527187105684,1.37649059914159
2002,YR2002,"Korea, Rep.",KOR,13165.0657360554,80.299,0.577957276814842,3.20680203781807
2002,YR2002,Latvia,LVA,4136.93329688951,67.85,-1.1618382239436,4.49884105674688
2002,YR2002,Luxembourg,LUX,53005.7339209179,85.299,1.04766081596443,0.690661512047414
2002,YR2002,Lithuania,LTU,4141.59270180102,66.828,-0.802765710748508,4.77513123922724
2002,YR2002,Mexico,MEX,7593.1373448964,75.365,1.37302085830616,3.27828185504542
2002,YR2002,Netherlands,NLD,29343.2449960602,79.113,0.638291666268526,2.07767536621722
2002,YR2002,New Zealand,NZL,16874.1874918196,86.161,1.73717486434422,5.85289352793662
2002,YR2002,Norway,NOR,43084.4724650717,76.733,0.539290805050494,1.52073059641543
2002,YR2002,Poland,POL,5207.17142069402,61.787,-0.0463189372499392,2.7257594673325
2002,YR2002,Portugal,PRT,12936.6928204482,55.666,0.547667939660689,2.72289086156617
2002,YR2002,Slovak Republic,SVK,6564.69631373665,56.013,-0.0363525509687338,2.04289904767007
2002,YR2002,Slovenia,SVN,11777.1556578814,50.857,0.123915442323272,2.97920281086595
2002,YR2002,Spain,ESP,17106.686576658,76.533,1.41259540475782,3.48901743975068
2002,YR2002,Sweden,SWE,29899.1952495081,84.133,0.325438067703728,1.89967733195399
2002,YR2002,Switzerland,CHE,42578.7631355696,73.401,0.756469145838096,0.931026266283462
2002,YR2002,Turkiye,TUR,3687.95609325031,65.974,1.47386568720214,10.1907585574088
2002,YR2002,United Kingdom,GBR,30049.8963232066,79.047,0.423337079636281,0.916379912898543
2002,YR2002,United States,USA,37997.7596573051,79.409,0.927797485710314,0.973711859673977
2003,YR2003,Australia,AUS,23492.4051742272,84.343,1.23399666342628,2.88893596341479
2003,YR2003,Austria,AUT,32294.0488606559,59.375,0.487133894826838,1.49193189790189
2003,YR2003,Belgium,BEL,30655.2092679024,97.296,0.418641508069053,1.0294445025288
2003,YR2003,Canada,CAN,28300.4630963791,79.967,0.901372739095955,2.05309139249344
2003,YR2003,Chile,CHL,4827.08337797237,86.665,1.04799383160613,4.09477533093825
2003,YR2003,Czechia,CZE,9818.56849307488,73.74,-0.028620590719166,2.44002731408219
2003,YR2003,Denmark,DNK,40458.7773986609,85.36,0.272010444031566,1.61078580311509
2003,YR2003,Estonia,EST,7203.52303786646,68.989,-0.627622448059203,3.46019281311318
2003,YR2003,Finland,FIN,32927.6802919408,82.638,0.238457240068217,2.53576629829521
2003,YR2003,France,FRA,29633.6789794897,76.632,0.708771177676303,1.85016428870167
2003,YR2003,Greece,GRC,18518.3788387396,73.689,0.238643175320258,4.99978360011743
2003,YR2003,Germany,DEU,30310.3575963774,75.577,0.0553633035873241,0.832259435604571
2003,YR2003,Hungary,HUN,8421.10331316153,65.489,-0.286433268128688,3.9010994725515
2003,YR2003,Iceland,ISL,39476.6978486684,92.789,0.692497620476186,6.44335958776617
2003,YR2003,Ireland,IRL,41203.5295847568,59.925,1.62895096193019,1.48000381983801
2003,YR2003,Israel,ISR,18991.3798529841,91.393,1.80551975888109,1.49298681092598
2003,YR2003,Italy,ITA,27526.3224609957,67.501,0.444507312655549,2.357959442263
2003,YR2003,Japan,JPN,35387.0374203599,83.196,0.213980948779682,1.29902822421038
2003,YR2003,"Korea, Rep.",KOR,14672.8574703505,80.652,0.518321452985646,2.96459727836726
2003,YR2003,Latvia,LVA,5145.19523190241,67.8,-0.966400801237561,3.93534419308901
2003,YR2003,Luxembourg,LUX,65689.3214536911,85.743,1.21520087964639,0.46423787561405
2003,YR2003,Lithuania,LTU,5499.42898911387,66.737,-0.812278097406687,4.42285391540034
2003,YR2003,Mexico,MEX,7075.36964299974,75.682,1.36378023068234,3.38748649595129
2003,YR2003,Netherlands,NLD,35750.9746630269,80.341,0.471814398788212,2.05982722645814
2003,YR2003,New Zealand,NZL,21913.7081719961,86.221,1.97355854434158,5.72933246598663
2003,YR2003,Norway,NOR,50134.8907734947,77.084,0.586532691986894,1.30803942817787
2003,YR2003,Poland,POL,5701.6022116161,61.676,-0.067492701646486,2.60980319942584
2003,YR2003,Portugal,PRT,15797.7821340276,56.287,0.375411414855816,2.65118079570935
2003,YR2003,Slovak Republic,SVK,8731.93736824381,55.863,-0.0658215070322074,1.81038352971388
2003,YR2003,Slovenia,SVN,14849.0372415032,51.082,0.0602967792572922,2.25206975614957
2003,YR2003,Spain,ESP,21510.8362454011,76.778,1.80845446818345,3.4311562499221
2003,YR2003,Sweden,SWE,37321.7979047059,84.196,0.372092942799084,1.85862963191743
2003,YR2003,Switzerland,CHE,49470.3971259674,73.427,0.74191960337232,0.834713711309976
2003,YR2003,Turkiye,TUR,4760.1040190451,66.602,1.43873664511403,9.79514977798378
2003,YR2003,United Kingdom,GBR,34487.4675722539,79.339,0.465641113602993,0.873354127479226
2003,YR2003,United States,USA,39490.2749557007,79.583,0.859481712840946,1.12104760396265
2004,YR2004,Australia,AUS,30513.9417409748,84.463,1.15935216218033,3.06360356499632
2004,YR2004,Austria,AUT,36889.2335135194,59.094,0.620413127334181,1.47647439267771
2004,YR2004,Belgium,BEL,35429.4077933344,97.35,0.432788248129175,1.02291054131515
2004,YR2004,Canada,CAN,32143.6814078562,80.045,0.933020777495183,2.16781311109181
2004,YR2004,Chile,CHL,6186.66271596597,86.725,1.03766797310084,3.75826582540335
2004,YR2004,Czechia,CZE,11749.8526643577,73.671,0.0304348483027166,2.41539461296366
2004,YR2004,Denmark,DNK,46511.5983324305,85.566,0.258432282052875,1.6225264974926
2004,YR2004,Estonia,EST,8914.10355674451,68.862,-0.597820510395586,3.61949868570147
2004,YR2004,Finland,FIN,37772.1781110398,82.772,0.290350361518584,2.37972259665655
2004,YR2004,France,FRA,33803.3095951203,76.883,0.736332748710216,1.82269094417374
2004,YR2004,Greece,GRC,21995.477943746,74.073,0.247413542822812,4.27540756814993
2004,YR2004,Germany,DEU,34106.6581224001,75.779,-0.021709727650009,0.951063416014002
2004,YR2004,Hungary,HUN,10303.704193626,65.896,-0.221439378654807,4.35156332771767
2004,YR2004,Iceland,ISL,47334.9306537723,92.914,0.8779361576874,5.31664247319305
2004,YR2004,Ireland,IRL,47754.2023194244,60.202,1.82831381790901,1.57408727204836
2004,YR2004,Israel,ISR,19910.6106710093,91.456,1.76762364154994,1.41613118605963
2004,YR2004,Italy,ITA,31317.2007943296,67.62,0.647182705470772,2.34703257342223
2004,YR2004,Japan,JPN,38298.9801712303,84.64,0.0336622582725446,1.23095748420526
2004,YR2004,"Korea, Rep.",KOR,16496.1200942502,81.002,0.396331436697806,2.95801854433406
2004,YR2004,Latvia,LVA,6378.66652057115,67.9,-1.09131295557421,4.19690569909693
2004,YR2004,Luxembourg,LUX,76544.9170868473,86.177,1.42133256471314,0.535432004959881
2004,YR2004,Lithuania,LTU,6700.32719189382,66.646,-1.12299127483243,4.1728968841311
2004,YR2004,Mexico,MEX,7484.486398707,75.997,1.38146893230283,3.33919043587465
2004,YR2004,Netherlands,NLD,40436.6182310407,81.514,0.347475412048658,1.86628779147758
2004,YR2004,New Zealand,NZL,25420.234882944,86.281,1.48621908244575,5.36558854547454
2004,YR2004,Norway,NOR,57603.836021826,77.399,0.590930939690253,1.3864679027717
2004,YR2004,Poland,POL,6681.38647195042,61.564,-0.0585127351273288,3.29260490134403
2004,YR2004,Portugal,PRT,18064.1580932987,56.907,0.239128989611917,2.60214117997755
2004,YR2004,Slovak Republic,SVK,10691.4465495259,55.713,-0.0203617202597358,1.66748149791647
2004,YR2004,Slovenia,SVN,17233.1385611279,51.308,0.0640662022616923,2.42963083827174
2004,YR2004,Spain,ESP,24907.0008505856,77.022,1.7254663034483,3.12832703269699
2004,YR2004,Sweden,SWE,42821.6731423358,84.258,0.393298991357658,1.82775456382142
2004,YR2004,Switzerland,CHE,54878.4710009787,73.452,0.687425960233006,0.931268101342743
2004,YR2004,Turkiye,TUR,6101.63211660696,67.225,1.3847339240455,9.32742275784367
2004,YR2004,United Kingdom,GBR,40371.7108259838,79.629,0.568943113421317,0.760132900411628
2004,YR2004,United States,USA,41724.6316287624,79.757,0.925483968943482,1.26548363027696
2005,YR2005,Australia,AUS,34080.9998953245,84.582,1.31978955436191,2.88798590508864
2005,YR2005,Austria,AUT,38417.4577857677,58.813,0.681267248299787,1.25939963482441
2005,YR2005,Belgium,BEL,36809.7013403619,97.403,0.550055708089009,0.840639973990251
2005,YR2005,Canada,CAN,36382.5079164537,80.122,0.944466927450734,1.88031145780062
2005,YR2005,Chile,CHL,7558.37175410092,86.783,1.04195390189779,3.92221193789503
2005,YR2005,Czechia,CZE,13430.6698955613,73.602,0.138325980046718,2.28463529199072
2005,YR2005,Denmark,DNK,48799.8256011275,85.856,0.275481733409308,1.1456435911337
2005,YR2005,Estonia,EST,10412.6443137966,68.735,-0.572255524659659,3.28731485717963
2005,YR2005,Finland,FIN,39054.8504423825,82.905,0.342248594286999,2.27826118637172
2005,YR2005,France,FRA,34773.1501479027,77.13,0.753799176960609,1.68010170422531
2005,YR2005,Greece,GRC,22560.1472939077,74.452,0.293249074052818,4.28422352376638
2005,YR2005,Germany,DEU,34520.2396492496,75.98,-0.0567782618352031,0.726955700932129
2005,YR2005,Hungary,HUN,11225.9325815328,66.365,-0.198878843237103,3.72054665681065
2005,YR2005,Iceland,ISL,56794.8501588953,93.037,1.58289197780465,4.75180694830263
2005,YR2005,Ireland,IRL,50933.0216095589,60.477,2.17870301355631,1.03354966551094
2005,YR2005,Israel,ISR,20585.1386127162,91.518,1.76289766113006,1.65223708589073
2005,YR2005,Italy,ITA,32055.0920757503,67.738,0.491389107503214,2.03359548344901
2005,YR2005,Japan,JPN,37812.8950199948,85.978,0.00939209655766336,1.11162940578642
2005,YR2005,"Korea, Rep.",KOR,19402.5026259549,81.345,0.211997784117548,2.61997573131402
2005,YR2005,Latvia,LVA,7594.90238431362,68,-1.08057145691172,3.72327312864324
2005,YR2005,Luxembourg,LUX,80988.1376230858,86.598,1.53005466340868,0.35650094088746
2005,YR2005,Lithuania,LTU,7854.76527867855,66.635,-1.62840112593427,4.32851922287799
2005,YR2005,Mexico,MEX,8277.67156384567,76.308,1.4158169793862,3.07320418494207
2005,YR2005,Netherlands,NLD,41994.7135305232,82.63,0.23366314793854,1.85792627472621
2005,YR2005,New Zealand,NZL,27751.0654708859,86.341,1.12877350967992,4.51769702400314
2005,YR2005,Norway,NOR,66810.478520868,77.675,0.681072964187373,1.40342625353834
2005,YR2005,Poland,POL,8021.50574346795,61.452,-0.043948953332248,2.91894238438008
2005,YR2005,Portugal,PRT,18780.12751241,57.522,0.185532266654625,2.30349335448735
2005,YR2005,Slovak Republic,SVK,11690.1134689407,55.563,0.00980913417308711,1.61878627564451
2005,YR2005,Slovenia,SVN,18098.9085440003,51.533,0.173208905073743,2.42520298872385
2005,YR2005,Spain,ESP,26429.1509449319,77.263,1.68934904712031,2.7690522635835
2005,YR2005,Sweden,SWE,43437.0631164776,84.319,0.399942762807279,1.25376780270787
2005,YR2005,Switzerland,CHE,56546.7856553987,73.478,0.640601540243491,0.814219929475234
2005,YR2005,Turkiye,TUR,7456.2961006749,67.84,1.32312648689277,9.16534055228687
2005,YR2005,United Kingdom,GBR,42132.0907219815,79.915,0.68661130607346,0.545491177832267
2005,YR2005,United States,USA,44123.4070679055,79.928,0.921713167161207,1.1505065593333
2006,YR2006,Australia,AUS,36117.487983674,84.7,1.47522794532757,2.73357531178764
2006,YR2006,Austria,AUT,40669.3269586152,58.532,0.494797775098466,1.30318945861739
2006,YR2006,Belgium,BEL,38705.1067959147,97.454,0.659558214980699,0.907269380581052
2006,YR2006,Canada,CAN,40504.0607253203,80.213,1.01033450270045,1.70101845949482
2006,YR2006,Chile,CHL,9406.58448549129,86.842,1.05599431314121,3.71204514365714
2006,YR2006,Czechia,CZE,15261.7975911138,73.533,0.270795629232185,2.164955431803
2006,YR2006,Denmark,DNK,52026.9995142723,86.098,0.328645158919929,1.16518989859219
2006,YR2006,Estonia,EST,12639.4000677296,68.607,-0.589655559840225,3.14433783651327
2006,YR2006,Finland,FIN,41222.6020004611,83.037,0.383777136305104,2.00119146081193
2006,YR2006,France,FRA,36474.1595859967,77.377,0.697191228293622,1.51849064281003
2006,YR2006,Greece,GRC,24821.9367451879,74.827,0.30033180096664,3.2012383202897
2006,YR2006,Germany,DEU,36353.8803343631,76.179,-0.112797497644931,0.737585322085632
2006,YR2006,Hungary,HUN,11493.1004118789,66.895,-0.155716484651578,3.53452230285918
2006,YR2006,Iceland,ISL,57492.9342498703,93.159,2.34742243028387,4.77842936896308
2006,YR2006,Ireland,IRL,54329.1618599624,60.738,2.69600564359576,0.921152718855531
2006,YR2006,Israel,ISR,21853.140239801,91.58,1.76780587358185,1.5900086165149
2006,YR2006,Italy,ITA,33529.7266014361,67.856,0.30055968851778,1.94583994660095
2006,YR2006,Japan,JPN,35991.546002862,87.118,0.0633735894181335,1.08249674589504
2006,YR2006,"Korea, Rep.",KOR,21743.4774514254,81.528,0.525199940498775,2.49747041944548
2006,YR2006,Latvia,LVA,9723.44690174779,67.967,-0.91727295748817,3.25596909159017
2006,YR2006,Luxembourg,LUX,90788.8004876145,87.009,1.59505191774492,0.311756721900439
2006,YR2006,Lithuania,LTU,9230.70798102521,66.706,-1.59637831830094,3.86424460586287
2006,YR2006,Mexico,MEX,9068.29421839425,76.616,1.4562132376675,3.0758258597569
2006,YR2006,Netherlands,NLD,44900.9381441374,83.636,0.160613668857538,1.94595463830049
2006,YR2006,New Zealand,NZL,26654.5932018985,86.4,1.21898486028427,4.98360503244111
2006,YR2006,Norway,NOR,74148.3200757187,77.95,0.805392739160981,1.40444710752117
2006,YR2006,Poland,POL,9035.41046744936,61.341,-0.0633705742926632,2.69199228374715
2006,YR2006,Portugal,PRT,19839.4540499032,58.137,0.18033244147767,2.25313751520814
2006,YR2006,Slovak Republic,SVK,13170.7849804675,55.412,0.00459711883568263,1.84829606419639
2006,YR2006,Slovenia,SVN,19672.9655554146,51.758,0.31911453657107,2.11914767621997
2006,YR2006,Spain,ESP,28389.0785799873,77.502,1.69035255626114,2.41168014679879
2006,YR2006,Sweden,SWE,46593.6021646111,84.43,0.562483906481893,1.36222045393681
2006,YR2006,Switzerland,CHE,59300.6172165015,73.504,0.627558473346134,0.749619505794769
2006,YR2006,Turkiye,TUR,8101.85692374776,68.45,1.24887663592494,8.09488128822859
2006,YR2006,United Kingdom,GBR,44654.0969208924,80.199,0.73504867842129,0.596320769921488
2006,YR2006,United States,USA,46302.0008800056,80.099,0.964253917136075,1.00948718664602
2007,YR2007,Australia,AUS,41001.1429790999,84.822,0.624678435014185,2.2080882021692
2007,YR2007,Austria,AUT,46915.3374004507,58.249,0.324146535285463,1.41639156023265
2007,YR2007,Belgium,BEL,44319.165448813,97.505,0.734330830765919,0.887523940039387
2007,YR2007,Canada,CAN,44659.8951408034,80.396,0.971135141368055,1.58716073171659
2007,YR2007,Chile,CHL,10439.428464249,86.9,1.06855546195518,3.55057108879902
2007,YR2007,Czechia,CZE,18466.5479299216,73.463,0.583542205385113,2.08890557484545
2007,YR2007,Denmark,DNK,58487.0549677696,86.293,0.443466054321374,1.17441557607089
2007,YR2007,Estonia,EST,16744.5844516343,68.479,-0.456188535090031,3.92554044689292
2007,YR2007,Finland,FIN,48476.3927287052,83.168,0.425429832100631,2.38036691755046
2007,YR2007,France,FRA,41561.2005095485,77.621,0.618708359125178,1.6129929533935
2007,YR2007,Greece,GRC,28863.9732885018,75.199,0.254757581935775,3.0373477565076
2007,YR2007,Germany,DEU,41640.0808695147,76.378,-0.133718572600486,0.77886019483507
2007,YR2007,Hungary,HUN,13944.9710132004,67.421,-0.154915158060948,3.48554168140164
2007,YR2007,Iceland,ISL,69495.7267376825,93.278,2.53008548940662,4.15953186288136
2007,YR2007,Ireland,IRL,61396.417461176,60.94,2.89096000464164,1.04322286551282
2007,YR2007,Israel,ISR,24952.5475909074,91.641,1.7761008691798,1.52387492857359
2007,YR2007,Italy,ITA,37870.7475070969,67.974,0.504933687397673,1.89628717350167
2007,YR2007,Japan,JPN,35779.0245416427,88.146,0.114908847726211,1.05336413232639
2007,YR2007,"Korea, Rep.",KOR,24086.4104391677,81.631,0.505234032920336,2.28340908477707
2007,YR2007,Latvia,LVA,14113.5291277327,67.9,-0.816175506582982,3.28393404533049
2007,YR2007,Luxembourg,LUX,107475.320297978,87.409,1.54438684650549,0.363222868939437
2007,YR2007,Lithuania,LTU,12285.4470537014,66.777,-1.187947957259,3.47541066785232
2007,YR2007,Mexico,MEX,9642.68051672231,76.92,1.48606353186843,3.18171470291719
2007,YR2007,Netherlands,NLD,51799.2085521047,84.539,0.217521601194242,1.81711000209958
2007,YR2007,New Zealand,NZL,32479.9817381467,86.34,0.932407687512324,6.06836553759783
2007,YR2007,Norway,NOR,85139.9604469545,78.234,1.03473451527827,1.23986617155418
2007,YR2007,Poland,POL,11254.5173881254,61.229,-0.0543050208038707,3.0455373774324
2007,YR2007,Portugal,PRT,22811.0564844365,58.749,0.196304384487306,1.99815593954667
2007,YR2007,Slovak Republic,SVK,16106.0604446695,55.261,0.0291784011934372,2.29599752717367
2007,YR2007,Slovenia,SVN,23817.8867320201,51.983,0.559207815536831,2.04807019872806
2007,YR2007,Spain,ESP,32591.3503065871,77.74,1.85108130845179,2.50795182694444
2007,YR2007,Sweden,SWE,53700.0053363063,84.588,0.741552514625445,1.57842204779238
2007,YR2007,Switzerland,CHE,65359.5192218269,73.53,0.893690977823134,0.768781407691157
2007,YR2007,Turkiye,TUR,9791.88245001167,69.053,1.19280433140776,7.45702743708227
2007,YR2007,United Kingdom,GBR,50653.2569148306,80.479,0.778666112441256,0.56252294730333
2007,YR2007,United States,USA,48050.2237771135,80.269,0.951055242772428,1.07512397740734
2008,YR2008,Australia,AUS,49654.9105957389,84.943,2.00402174031569,2.34375861738351
2008,YR2008,Austria,AUT,51919.9835754226,57.966,0.313041437661508,1.34222302680426
2008,YR2008,Belgium,BEL,48303.397956286,97.555,0.789976845480149,0.712338067185966
2008,YR2008,Canada,CAN,46710.5055759013,80.578,1.08290711607014,1.76827354801333
2008,YR2008,Chile,CHL,10752.9723000388,86.959,1.07138371997089,3.42443226132978
2008,YR2008,Czechia,CZE,22804.5776774507,73.394,0.829412602993033,1.91992797178235
2008,YR2008,Denmark,DNK,64322.0635020842,86.487,0.587547590258978,0.85779095709926
2008,YR2008,Estonia,EST,18204.9664786762,68.351,-0.268133719541207,3.40143713491535
2008,YR2008,Finland,FIN,53772.7942390019,83.299,0.465549284507694,2.20523511697938
2008,YR2008,France,FRA,45519.2968812949,77.868,0.558843467315968,1.51522299962858
2008,YR2008,Greece,GRC,32127.9831943287,75.568,0.265457836726293,2.80724990773394
2008,YR2008,Germany,DEU,45612.7106221441,76.575,-0.190142844695674,0.83833040773771
2008,YR2008,Hungary,HUN,15777.1920232033,67.943,-0.17509736747488,3.45190448840179
2008,YR2008,Iceland,ISL,56943.3704468563,93.395,1.85957217059918,4.79686206018628
2008,YR2008,Ireland,IRL,61353.1065629523,61.141,2.03870801117202,0.850028643552735
2008,YR2008,Israel,ISR,29650.7702509045,91.702,1.7765791059698,1.56765583316777
2008,YR2008,Italy,ITA,40944.9124194678,68.092,0.662469252941527,1.87462363361677
2008,YR2008,Japan,JPN,39876.3039685725,89.103,0.0484253945978966,1.05410176653648
2008,YR2008,"Korea, Rep.",KOR,21350.427979823,81.733,0.759316681850927,2.14224974257429
2008,YR2008,Latvia,LVA,16467.1436879405,67.834,-1.0509395443743,2.95481771397635
2008,YR2008,Luxembourg,LUX,120422.137934157,87.8,1.78749663225793,0.307778948525776
2008,YR2008,Lithuania,LTU,14944.996652175,66.848,-1.02848317546539,3.28389712121534
2008,YR2008,Mexico,MEX,10016.5712139986,77.222,1.49536909755127,3.16037871706611
2008,YR2008,Netherlands,NLD,57879.9437553916,85.402,0.389292461499527,1.63504831597131
2008,YR2008,New Zealand,NZL,31252.9625640673,86.28,0.848701402422591,5.01251280318469
2008,YR2008,Norway,NOR,96944.0956064873,78.526,1.24633301535167,1.12800095125216
2008,YR2008,Poland,POL,13996.0251506835,61.116,0.0136373796827091,2.5926222666815
2008,YR2008,Portugal,PRT,24949.0413566739,59.359,0.144191279853498,1.96377185231981
2008,YR2008,Slovak Republic,SVK,18753.5849413816,55.111,0.0857552995195914,2.5332008641309
2008,YR2008,Slovenia,SVN,27595.5999653992,52.209,0.158140843634363,1.8279136220512
2008,YR2008,Spain,ESP,35510.7222312701,77.976,1.59533049906372,2.36845686639791
2008,YR2008,Sweden,SWE,56152.552340314,84.746,0.779033290770134,1.56746876623744
2008,YR2008,Switzerland,CHE,74572.232372807,73.556,1.27061807385776,0.779362225145672
2008,YR2008,Turkiye,TUR,10941.172146426,69.651,1.19537882664634,7.42466846883692
2008,YR2008,United Kingdom,GBR,47549.3486286006,80.757,0.787032622318939,0.676340045235283
2008,YR2008,United States,USA,48570.0459804586,80.438,0.945865287282592,1.05300059714298
2009,YR2009,Australia,AUS,42783.3225651148,85.063,2.0610451296841,2.3021607847244
2009,YR2009,Austria,AUT,48153.3240199631,57.683,0.261953189906348,1.14681776764538
2009,YR2009,Belgium,BEL,44760.2912443709,97.603,0.804599572619861,0.645274318792124
2009,YR2009,Canada,CAN,40876.3101540295,80.758,1.14175809912162,1.5498932753953
2009,YR2009,Chile,CHL,10151.058524965,87.017,1.05928641203431,3.69712695588486
2009,YR2009,Czechia,CZE,19861.6974295256,73.324,0.569729451418061,1.75678751340306
2009,YR2009,Denmark,DNK,58163.2768762815,86.654,0.535079062079429,0.833588855644673
2009,YR2009,Estonia,EST,14711.7352728223,68.223,-0.192768077420229,2.47116868442475
2009,YR2009,Finland,FIN,47481.4845364339,83.429,0.478246393482911,2.25368231662696
2009,YR2009,France,FRA,41740.2430343475,78.117,0.51448954376938,1.32316199671353
2009,YR2009,Greece,GRC,29828.7560245271,75.932,0.263026401346927,2.80495420572755
2009,YR2009,Germany,DEU,41650.3678297162,76.771,-0.253383410163402,0.695334317361279
2009,YR2009,Hungary,HUN,13081.7926445778,68.46,-0.154908813950621,3.05539686653643
2009,YR2009,Iceland,ISL,41301.273219718,93.511,0.341241978970882,5.64274601892759
2009,YR2009,Ireland,IRL,52133.0906162544,61.342,1.01566327592341,0.558323857001811
2009,YR2009,Israel,ISR,27780.4637181529,91.763,2.39020733801215,1.85239806001822
2009,YR2009,Italy,ITA,37226.7571935402,68.209,0.455613449577732,1.80273854103193
2009,YR2009,Japan,JPN,41308.9968370512,89.989,-0.0124946312294096,1.08231650645818
2009,YR2009,"Korea, Rep.",KOR,19143.8516053025,81.835,0.514682827535803,2.24055681194729
2009,YR2009,Latvia,LVA,12331.9285524089,67.814,-1.65102496759116,3.20982496428423
2009,YR2009,Luxembourg,LUX,109419.746953106,88.178,1.85177523043645,0.233334868942186
2009,YR2009,Lithuania,LTU,11820.7761591359,66.842,-1.11034575437238,2.53647105450177
2009,YR2009,Mexico,MEX,8002.97217765844,77.52,1.47675580253545,3.24149414069732
2009,YR2009,Netherlands,NLD,52722.2130568997,86.288,0.514284544827762,1.55319264710119
2009,YR2009,New Zealand,NZL,28209.3623271229,86.22,0.999728031208421,5.7506934901985
2009,YR2009,Norway,NOR,79977.6970817492,78.815,1.2611272893768,1.30031900599593
2009,YR2009,Poland,POL,11526.0558884824,61.004,0.067763227021235,2.55891838705563
2009,YR2009,Portugal,PRT,23151.2154130712,59.964,0.0953308592370666,1.95062621184125
2009,YR2009,Slovak Republic,SVK,16597.2084581361,54.96,0.133257321027673,2.08513328365435
2009,YR2009,Slovenia,SVN,24792.1279805504,52.433,0.903875535210913,1.81591318608916
2009,YR2009,Spain,ESP,32169.5028548583,78.21,0.88573598057307,2.26545206640089
2009,YR2009,Sweden,SWE,46946.9602719954,84.902,0.851904412936677,1.43668364975471
2009,YR2009,Switzerland,CHE,72083.167695454,73.581,1.24948463127384,0.717347053469042
2009,YR2009,Turkiye,TUR,9103.47405061243,70.241,1.27389035427646,8.07198879989725
2009,YR2009,United Kingdom,GBR,38952.2110262455,81.031,0.756390859593407,0.68080815865187
2009,YR2009,United States,USA,47194.9433547336,80.606,0.876651298802912,0.960285892029002
2010,YR2010,Australia,AUS,52087.9722888891,85.182,1.55548958906995,2.20622661871056
2010,YR2010,Austria,AUT,46903.7615854343,57.399,0.240394299500766,1.26732767225745
2010,YR2010,Belgium,BEL,44184.946353964,97.651,0.913639391631709,0.765104156770348
2010,YR2010,Canada,CAN,47562.0834253057,80.937,1.11186407517168,1.49323608111661
2010,YR2010,Chile,CHL,12724.10406267,87.074,1.03891170046699,3.47828463189786
2010,YR2010,Czechia,CZE,19960.0684872157,73.255,0.29136167418042,1.54059611257066
2010,YR2010,Denmark,DNK,58041.3984363385,86.795,0.444197154509531,1.20190857029029
2010,YR2010,Estonia,EST,14663.0446126465,68.094,-0.22805796852935,3.17107206970876
2010,YR2010,Finland,FIN,46505.3031791811,83.77,0.457494535465831,2.41890476924467
2010,YR2010,France,FRA,40677.9851405443,78.369,0.494040602950225,1.60402828863388
2010,YR2010,Greece,GRC,26716.6488260274,76.292,0.128880432668041,2.9883328440953
2010,YR2010,Germany,DEU,41572.4559481507,76.966,-0.153198446937304,0.803696771174544
2010,YR2010,Hungary,HUN,13223.0830027699,68.911,-0.226013875689698,3.03288835497418
2010,YR2010,Iceland,ISL,43237.0729488958,93.574,-0.143903000294037,6.29259972613893
2010,YR2010,Ireland,IRL,48655.3661626634,61.542,0.544884384079014,0.95470225301197
2010,YR2010,Israel,ISR,30780.0238155167,91.826,1.82675240987847,1.57320059548492
2010,YR2010,Italy,ITA,36035.6449950691,68.327,0.30759122234095,1.77551453832278
2010,YR2010,Japan,JPN,44968.1562349739,90.812,0.0179605415195644,1.10828108130349
2010,YR2010,"Korea, Rep.",KOR,23087.2256438476,81.936,0.49822508440111,2.1440163216522
2010,YR2010,Latvia,LVA,11420.9940032836,67.841,-2.08130508988111,4.05728002795226
2010,YR2010,Luxembourg,LUX,110885.991378721,88.547,1.8254058035237,0.268412058048641
2010,YR2010,Lithuania,LTU,11987.508411647,66.757,-2.09694341985475,3.02379271503829
2010,YR2010,Mexico,MEX,9271.39839576997,77.815,1.43814066910139,3.21915447615495
2010,YR2010,Netherlands,NLD,50999.7451168879,87.134,0.512923100553586,1.77850926254758
2010,YR2010,New Zealand,NZL,33676.7741239925,86.16,1.1117260560215,6.587915924895
2010,YR2010,Norway,NOR,87693.7900658099,79.102,1.24566617956207,1.56860233094692
2010,YR2010,Poland,POL,12613.0109954681,60.892,-0.285609121534849,2.85773725432735
2010,YR2010,Portugal,PRT,22520.6423124045,60.567,0.0459100367184907,1.93708196098854
2010,YR2010,Slovak Republic,SVK,16841.7677398734,54.685,0.0931912731899838,1.56976102880119
2010,YR2010,Slovenia,SVN,23532.4808545468,52.658,0.43607948463593,1.89386405075428
2010,YR2010,Spain,ESP,30532.4805081656,78.442,0.460408305051304,2.43113463203907
2010,YR2010,Sweden,SWE,52869.0442891587,85.056,0.852524628765313,1.64940993362121
2010,YR2010,Switzerland,CHE,77117.126014204,73.607,1.0415580576588,0.657905123906996
2010,YR2010,Turkiye,TUR,10742.7749787626,70.825,1.40008860606542,8.9669281343332
2010,YR2010,United Kingdom,GBR,39688.6149684498,81.302,0.783888646646516,0.602160408635432
2010,YR2010,United States,USA,48650.6431283336,80.772,0.829616674709795,1.02943733820679
2011,YR2011,Australia,AUS,62574.1457032412,85.3,1.38952731561803,2.29247802028073
2011,YR2011,Austria,AUT,51442.2762464407,57.115,0.337080841831645,1.40191493427276
2011,YR2011,Belgium,BEL,47410.5669277464,97.698,1.3010029017038,0.648034219951815
2011,YR2011,Canada,CAN,52223.696112356,81.096,0.978697786570341,1.76566446625627
2011,YR2011,Chile,CHL,14577.6326608147,87.132,0.997514840169031,3.62618323583881
2011,YR2011,Czechia,CZE,21871.2660754128,73.185,0.206747667335417,1.98251099186352
2011,YR2011,Denmark,DNK,61753.647131977,86.957,0.411737855195019,1.31213398990708
2011,YR2011,Estonia,EST,17487.8047830922,67.965,-0.303582823643979,3.67986795909351
2011,YR2011,Finland,FIN,51148.9316365833,84.313,0.463558707499131,2.32123556803604
2011,YR2011,France,FRA,43848.106054888,78.622,0.483675544447657,1.6502871934041
2011,YR2011,Greece,GRC,25483.8825644931,76.649,-0.147951277402184,3.11375165365917
2011,YR2011,Germany,DEU,46705.8957963353,77.16,-1.8537146287573,0.910022423855418
2011,YR2011,Hungary,HUN,14240.2575010219,69.358,-0.283360435946948,3.9936143865376
2011,YR2011,Iceland,ISL,47714.5922308485,93.587,0.305468368224399,6.60055103298728
2011,YR2011,Ireland,IRL,52177.1126832014,61.742,0.436072439258428,1.20568584155705
2011,YR2011,Israel,ISR,33775.5120004457,91.892,1.84807786159597,1.60036139911642
2011,YR2011,Italy,ITA,38649.6394836789,68.444,0.171978290995717,1.88342627816685
2011,YR2011,Japan,JPN,48760.0789494211,91.069,-0.185226486410846,1.08027176258707
2011,YR2011,"Korea, Rep.",KOR,25096.2638838239,81.923,0.768971758582589,2.20919995518876
2011,YR2011,Latvia,LVA,13338.9622350852,67.869,-1.82076700208005,3.68792198277258
2011,YR2011,Luxembourg,LUX,119025.057203467,88.906,2.22266050326725,0.25111528958498
2011,YR2011,Lithuania,LTU,14376.9478643932,66.741,-2.25846389882827,3.49019426022174
2011,YR2011,Mexico,MEX,10203.4212952716,78.111,1.39478996981758,3.08846155393052
2011,YR2011,Netherlands,NLD,54230.3129029852,87.879,0.466428782200821,1.57897407431895
2011,YR2011,New Zealand,NZL,38387.6270784076,86.1,0.762479795105218,6.28423893909166
2011,YR2011,Norway,NOR,100600.562407589,79.455,1.297189390693,1.34465673332777
2011,YR2011,Poland,POL,13879.5609852546,60.78,0.0537697088781007,3.08506431236907
2011,YR2011,Portugal,PRT,23217.2954965207,61.167,-0.147084878575482,1.83401602752623
2011,YR2011,Slovak Republic,SVK,18430.1298033985,54.42,0.128936462723796,1.885069615658
2011,YR2011,Slovenia,SVN,25128.0150431304,52.883,0.207732702329724,2.14260566834084
2011,YR2011,Spain,ESP,31677.9003083652,78.673,0.355338396471428,2.37327299407857
2011,YR2011,Sweden,SWE,60755.7595508465,85.297,0.755150133665177,1.67048248278859
2011,YR2011,Switzerland,CHE,91254.0347609687,73.631,1.11187894263206,0.670935894205478
2011,YR2011,Turkiye,TUR,11420.5554558378,71.402,1.53156607830159,8.17395626522538
2011,YR2011,United Kingdom,GBR,42284.8844902996,81.57,0.781506562236639,0.690202927926714
2011,YR2011,United States,USA,50065.9665041742,80.944,0.726786704810745,1.20055910284662
2012,YR2012,Australia,AUS,68027.8417067378,85.402,1.74582000067359,2.26809636459164
2012,YR2012,Austria,AUT,48564.9173350875,57.147,0.45593747231891,1.3485513899381
2012,YR2012,Belgium,BEL,44670.5606845101,97.744,0.620163579337378,0.781226734946645
2012,YR2012,Canada,CAN,52669.0899632316,81.137,1.08581726304756,1.81134574390941
2012,YR2012,Chile,CHL,15354.6184041413,87.189,0.96307999965156,3.27493353961752
2012,YR2012,Czechia,CZE,19870.8012123403,73.197,0.139925655740972,2.25118564547244
2012,YR2012,Denmark,DNK,58507.5080517852,87.142,0.376272242619955,1.65472753047184
2012,YR2012,Estonia,EST,17403.2053254767,67.974,-0.357944411443807,3.31546320909195
2012,YR2012,Finland,FIN,47708.0612784469,84.841,0.475809486683209,2.31449932102051
2012,YR2012,France,FRA,40872.3624615688,78.878,0.483998961260596,1.63179503677703
2012,YR2012,Greece,GRC,21912.9982879517,77.004,-0.540752950543684,3.44106864571792
2012,YR2012,Germany,DEU,43855.8544658618,77.17,0.187727800567293,0.847918814268698
2012,YR2012,Hungary,HUN,12989.1802815896,69.678,-0.516437606548041,3.88978874991118
2012,YR2012,Iceland,ISL,45995.5478789467,93.6,0.532100734916982,6.56118230413383
2012,YR2012,Ireland,IRL,49026.0230672702,61.942,0.4237438032978,0.987786848368475
2012,YR2012,Israel,ISR,32667.6068723254,91.96,1.84615132126711,1.30427042153324
2012,YR2012,Italy,ITA,35051.5212697703,68.684,0.269541239520996,1.9707531347602
2012,YR2012,Japan,JPN,49145.2804308193,91.148,-0.159710675844347,1.12285396244805
2012,YR2012,"Korea, Rep.",KOR,25466.7605170594,81.851,0.525713660600414,2.1861850409628
2012,YR2012,Latvia,LVA,13847.3379393194,67.897,-1.24035915329271,3.45474494120834
2012,YR2012,Luxembourg,LUX,112584.676270958,89.249,2.40154189982875,0.287951499538819
2012,YR2012,Lithuania,LTU,14367.709424872,66.864,-1.34120198821595,3.97945678983967
2012,YR2012,Mexico,MEX,10241.727828043,78.405,1.35529442643505,3.17392496725059
2012,YR2012,Netherlands,NLD,50070.1416045904,88.588,0.370055034770235,1.65950447649648
2012,YR2012,New Zealand,NZL,39973.3807587223,86.161,0.548220797298334,5.51752042632041
2012,YR2012,Norway,NOR,101524.141851985,79.874,1.31344098868985,1.12794879173888
2012,YR2012,Poland,POL,13097.2708482174,60.654,-0.000239076003298365,2.91436343275584
2012,YR2012,Portugal,PRT,20563.7136012629,61.763,-0.405421787747567,1.92410769887828
2012,YR2012,Slovak Republic,SVK,17429.829750132,54.28,0.170183855326072,1.9051089434031
2012,YR2012,Slovenia,SVN,22641.805122503,53.108,0.210024305900448,1.96350552854926
2012,YR2012,Spain,ESP,28322.8092495057,78.902,0.0649259625617232,2.4083041492621
2012,YR2012,Sweden,SWE,58037.8213192173,85.62,0.739763272434863,1.54714585772275
2012,YR2012,Switzerland,CHE,86547.6708907265,73.653,1.06181932886789,0.629370355568408
2012,YR2012,Turkiye,TUR,11795.6334567571,71.974,1.63114823337747,7.69487759202317
2012,YR2012,United Kingdom,GBR,42686.8000524926,81.837,0.695353132322269,0.637404835144407
2012,YR2012,United States,USA,51784.4185738837,81.119,0.733599941250847,1.14932964297306
2013,YR2013,Australia,AUS,68156.6279162085,85.502,1.721151439989,2.28571763293922
2013,YR2013,Austria,AUT,50731.1272541847,57.336,0.589387254692989,1.25472121594195
2013,YR2013,Belgium,BEL,46757.9518559598,97.789,0.471340143966627,0.681174913459581
2013,YR2013,Canada,CAN,52635.1749580433,81.178,1.05659125917789,1.89423151227836
2013,YR2013,Chile,CHL,15777.7815089667,87.246,0.978805917146093,3.47337532789926
2013,YR2013,Czechia,CZE,20133.1691431353,73.29,0.0331699460503076,2.36477116624437
2013,YR2013,Denmark,DNK,61191.1937042028,87.292,0.416901360752097,1.30212758701465
2013,YR2013,Estonia,EST,19056.0019226989,68.122,-0.355891802625531,3.08811099529242
2013,YR2013,Finland,FIN,49892.2233632732,85.125,0.460723772785295,2.36735333127774
2013,YR2013,France,FRA,42605.0443782179,79.135,0.514773829097755,1.45863217691004
2013,YR2013,Greece,GRC,21787.7877636035,77.355,-0.725120806658085,3.38260275850521
2013,YR2013,Germany,DEU,46298.9229177341,77.18,0.272900214681538,0.942643214114216
2013,YR2013,Hungary,HUN,13719.9505393621,69.953,-0.27536875707442,3.91569222279057
2013,YR2013,Iceland,ISL,49804.9829978371,93.633,0.945885900369151,5.85604625769497
2013,YR2013,Ireland,IRL,51533.0345651701,62.141,0.526556158855653,1.08521031466851
2013,YR2013,Israel,ISR,36499.4561082284,92.031,1.86605289478673,1.30120145765742
2013,YR2013,Italy,ITA,35560.0814062288,68.979,1.1592511168095,2.14458980749233
2013,YR2013,Japan,JPN,40898.6478964744,91.226,-0.144271883387076,1.06671782970179
2013,YR2013,"Korea, Rep.",KOR,27182.7343101936,81.779,0.455218622164662,2.09904711367279
2013,YR2013,Latvia,LVA,15007.4918561719,67.925,-1.07103480329077,3.1736633813955
2013,YR2013,Luxembourg,LUX,120000.140729859,89.574,2.31117625275217,0.261907196956465
2013,YR2013,Lithuania,LTU,15729.6524666512,66.986,-1.01200736818103,3.54492086525905
2013,YR2013,Mexico,MEX,10725.1835873796,78.699,1.31555760676608,3.13878369494526
2013,YR2013,Netherlands,NLD,52198.8975607454,89.187,0.294820793441482,1.79086489326427
2013,YR2013,New Zealand,NZL,42976.6495882584,86.221,0.768347998194806,7.03371664955561
2013,YR2013,Norway,NOR,102913.450843674,80.286,1.20914158930136,1.31530621016246
2013,YR2013,Poland,POL,13696.4663046143,60.529,-0.0603600174744649,3.09116767594327
2013,YR2013,Portugal,PRT,21653.1959752225,62.352,-0.548815210952228,2.09548269898385
2013,YR2013,Slovak Republic,SVK,18208.4175936578,54.14,0.107458009492367,2.22652433451187
2013,YR2013,Slovenia,SVN,23503.2824850255,53.332,0.135726228915631,1.97122520387357
2013,YR2013,Spain,ESP,29067.809460022,79.133,-0.327669039579687,2.62234061320255
2013,YR2013,Sweden,SWE,61126.9431963979,85.936,0.847348652246305,1.46654001874605
2013,YR2013,Switzerland,CHE,88109.4867524037,73.674,1.14987975781229,0.656479392646711
2013,YR2013,Turkiye,TUR,12614.7816100386,72.531,1.69274545557577,6.67610812297851
2013,YR2013,United Kingdom,GBR,43713.8141242308,82.102,0.669740535540783,0.637535517007732
2013,YR2013,United States,USA,53291.1276891406,81.299,0.692860276624581,1.32108416447024
2014,YR2014,Australia,AUS,62511.6905895284,85.602,1.49156648912847,2.22094606810034
2014,YR2014,Austria,AUT,51786.3771747905,57.526,0.781541632525841,1.20074056404147
2014,YR2014,Belgium,BEL,47764.0715120833,97.833,0.44392928847521,0.637835968092569
2014,YR2014,Canada,CAN,50955.9983232404,81.218,1.00533757867378,1.58654807741954
2014,YR2014,Chile,CHL,14606.9967241905,87.303,1.06117867141393,3.94662062999462
2014,YR2014,Czechia,CZE,19890.9199056648,73.384,0.105277581527518,2.41345254208349
2014,YR2014,Denmark,DNK,62548.9847332908,87.41,0.507053283010163,1.38246259773525
2014,YR2014,Estonia,EST,20261.0667303886,68.269,-0.262256175097854,3.16426999575923
2014,YR2014,Finland,FIN,50327.2402902632,85.175,0.413560207519414,2.39829480369459
2014,YR2014,France,FRA,43068.5487241739,79.394,0.473706907839969,1.55635615985933
2014,YR2014,Greece,GRC,21616.7100094908,77.702,-0.666113290031891,3.58413350571669
2014,YR2014,Germany,DEU,48023.8699845462,77.19,0.416877359168292,0.904547674923055
2014,YR2014,Hungary,HUN,14298.833667395,70.227,-0.269378767165116,3.93478243181583
2014,YR2014,Iceland,ISL,54576.7448146565,93.667,1.11250475522796,5.27785989422778
2014,YR2014,Ireland,IRL,55599.850799684,62.34,0.731001376585771,1.24588067114512
2014,YR2014,Israel,ISR,37847.6499432106,92.104,1.91954379859591,1.20588834068293
2014,YR2014,Italy,ITA,35565.7213771496,69.272,0.917504095962437,1.99786088974992
2014,YR2014,Japan,JPN,38475.3952461838,91.304,-0.132694222147042,0.996605700341743
2014,YR2014,"Korea, Rep.",KOR,29249.5752209742,81.707,0.628149861433639,2.05667705037638
2014,YR2014,Latvia,LVA,15742.3913381908,67.952,-0.941743354234222,3.54078138807732
2014,YR2014,Luxembourg,LUX,123678.702143275,89.884,2.35697870484045,0.289550438585059
2014,YR2014,Lithuania,LTU,16551.018202078,67.108,-0.859827343070249,3.42319060134286
2014,YR2014,Mexico,MEX,10928.9160089988,78.993,1.27768636604222,3.13208940239957
2014,YR2014,Netherlands,NLD,52900.537415323,89.69,0.359828172726548,1.73834058014176
2014,YR2014,New Zealand,NZL,44572.8987536626,86.281,1.66101200071152,4.77685746074917
2014,YR2014,Norway,NOR,97019.1827527462,80.692,1.12773667734928,1.44284252426282
2014,YR2014,Poland,POL,14271.3058536202,60.403,-0.0748462292920506,2.84816192197022
2014,YR2014,Portugal,PRT,22103.7009703321,62.936,-0.539190466792077,2.07611116482919
2014,YR2014,Slovak Republic,SVK,18655.7901089421,54,0.0970454215834878,2.75332283955059
2014,YR2014,Slovenia,SVN,24247.1733184083,53.557,0.0983519219451147,2.01709653525567
2014,YR2014,Spain,ESP,29500.7894328615,79.366,-0.298951059088036,2.53633649111861
2014,YR2014,Sweden,SWE,60020.3604576572,86.247,0.992219728591882,1.44329819446845
2014,YR2014,Switzerland,CHE,89684.7075795936,73.696,1.22010397343287,0.70129196236405
2014,YR2014,Turkiye,TUR,12157.9904337823,73.077,1.70264361643927,6.55723547339657
2014,YR2014,United Kingdom,GBR,47787.2412984884,82.365,0.736463978721671,0.746524020846814
2014,YR2014,United States,USA,55123.8497869046,81.483,0.733361519937424,1.17206510494526
2015,YR2015,Australia,AUS,56707.0220772116,85.701,1.43921665259925,2.37609867379823
2015,YR2015,Austria,AUT,44195.8175947748,57.715,1.12099250236958,1.1297901935645
2015,YR2015,Belgium,BEL,41008.296719472,97.876,0.579446241677791,0.6864147804639
2015,YR2015,Canada,CAN,43596.1355365546,81.259,0.746339477969813,1.86983594598587
2015,YR2015,Chile,CHL,13495.0106099649,87.36,1.17771785691816,3.7094042753649
2015,YR2015,Czechia,CZE,17829.6983223668,73.477,0.196588748472653,2.21121387268241
2015,YR2015,Denmark,DNK,53254.8563700916,87.526,0.706423849687002,0.957580201288368
2015,YR2015,Estonia,EST,17402.0376128079,68.416,0.0655525295417938,2.85804688997265
2015,YR2015,Finland,FIN,42801.9081167285,85.225,0.329383885818507,2.25370768976039
2015,YR2015,France,FRA,36652.9223052178,79.655,0.355569240058298,1.60564438654459
2015,YR2015,Greece,GRC,18083.8779056547,78.046,-0.658861360878339,3.86470314774326
2015,YR2015,Germany,DEU,41103.2564363768,77.2,0.865702643950251,0.684691591379231
2015,YR2015,Hungary,HUN,12720.7120220668,70.5,-0.237855001984657,3.78846931262631
2015,YR2015,Iceland,ISL,52951.6815110898,93.7,1.04194038662969,5.31074407801313
2015,YR2015,Ireland,IRL,62012.4849258149,62.538,0.944845307474728,0.896199998748098
2015,YR2015,Israel,ISR,35808.4364289727,92.179,1.98128897562083,1.24469096333403
2015,YR2015,Italy,ITA,30242.3861352184,69.565,-0.0963761331392095,2.06523676190304
2015,YR2015,Japan,JPN,34960.6393843385,91.381,-0.106124993746747,1.03412007048647
2015,YR2015,"Korea, Rep.",KOR,28732.2310762599,81.634,0.527288497407793,2.00390779269061
2015,YR2015,Latvia,LVA,13786.4567953114,67.98,-0.818626340945853,3.49467522671827
2015,YR2015,Luxembourg,LUX,105462.012584423,90.179,2.35995118136865,0.223732628740735
2015,YR2015,Lithuania,LTU,14263.9645773495,67.23,-0.940753796646208,3.42067512033113
2015,YR2015,Mexico,MEX,9616.64555810607,79.285,1.24116450246976,3.19192365688526
2015,YR2015,Netherlands,NLD,45193.4032187971,90.173,0.443220089035769,1.72432783388019
2015,YR2015,New Zealand,NZL,38630.7265886928,86.341,2.0360339086492,4.47129317772382
2015,YR2015,Norway,NOR,74355.5158575643,81.091,0.995084736958414,1.53755759894676
2015,YR2015,Poland,POL,12578.4954734362,60.278,-0.0666411009657168,2.37464410875059
2015,YR2015,Portugal,PRT,19250.1065376852,63.514,-0.414141101993213,2.09944392552801
2015,YR2015,Slovak Republic,SVK,16342.2162621093,53.889,0.0950338786482762,2.19798438934877
2015,YR2015,Slovenia,SVN,20890.1664304173,53.781,0.075190689011533,2.09659621336938
2015,YR2015,Spain,ESP,25742.3688346767,79.602,-0.077588861590047,2.73536317152164
2015,YR2015,Sweden,SWE,51545.4836095322,86.553,1.05745468551674,1.44955838205644
2015,YR2015,Switzerland,CHE,84776.1421659748,73.718,1.13833715247736,0.619280783065276
2015,YR2015,Turkiye,TUR,11006.2795239649,73.611,1.66948158450263,6.86837534505832
2015,YR2015,United Kingdom,GBR,45404.5677734722,82.626,0.792367505802859,0.63445245275453
2015,YR2015,United States,USA,56762.7294515989,81.671,0.73621730882542,1.03393378310334
2016,YR2016,Australia,AUS,49881.7637140466,85.8,1.56194049810399,2.40423129264832
2016,YR2016,Austria,AUT,45307.5878620429,57.905,1.08139629872802,1.11031647926172
2016,YR2016,Belgium,BEL,42012.6227191016,97.919,0.506300002451376,0.628433475870949
2016,YR2016,Canada,CAN,42315.6037056806,81.3,1.13234865466606,1.86222589313529
2016,YR2016,Chile,CHL,13690.9074621215,87.422,1.32520687841934,4.19908937128947
2016,YR2016,Czechia,CZE,18575.2320271915,73.57,0.192048415842684,2.08704712424115
2016,YR2016,Denmark,DNK,54663.9983719195,87.642,0.780392644135167,0.961160974086306
2016,YR2016,Estonia,EST,18295.3429322114,68.563,0.0291122255540077,2.11360999746642
2016,YR2016,Finland,FIN,43814.0265056965,85.275,0.287421401687637,2.31061337452533
2016,YR2016,France,FRA,37062.5335723829,79.917,0.263868788565368,1.43711486668854
2016,YR2016,Greece,GRC,17923.9668134716,78.387,-0.415913028277122,3.51534024837597
2016,YR2016,Germany,DEU,42136.1207907991,77.224,0.807218538573871,0.69843112985447
2016,YR2016,Hungary,HUN,13107.3779137744,70.779,-0.295110604845478,3.88933957319236
2016,YR2016,Iceland,ISL,61987.9263620283,93.735,1.38808149583838,4.58122112342326
2016,YR2016,Ireland,IRL,62861.6391157902,62.737,1.12883406399428,0.947349103961891
2016,YR2016,Israel,ISR,37330.261796968,92.256,1.9603489624817,1.24112898113092
2016,YR2016,Italy,ITA,30960.7315088902,69.855,-0.169884073301448,1.9283733073049
2016,YR2016,Japan,JPN,39375.4731620781,91.457,-0.0511374152133631,1.12498130848332
2016,YR2016,"Korea, Rep.",KOR,29288.8704389833,81.562,0.396851823381145,1.85903488299151
2016,YR2016,Latvia,LVA,14331.7515885049,68.021,-0.913885332226604,3.25954215081562
2016,YR2016,Luxembourg,LUX,106899.293549552,90.46,2.15531198799205,0.214197008159042
2016,YR2016,Lithuania,LTU,15008.3132445526,67.366,-1.27069453298857,3.10876135276592
2016,YR2016,Mexico,MEX,8744.51555912786,79.577,1.20325950587092,3.34646441999055
2016,YR2016,Netherlands,NLD,46039.1059284098,90.635,0.532178879608489,1.76653203206948
2016,YR2016,New Zealand,NZL,40058.1961621466,86.4,2.24603210015584,5.55164392802769
2016,YR2016,Norway,NOR,70460.5605323322,81.485,0.880969815359919,2.09231450531091
2016,YR2016,Poland,POL,12447.4395912808,60.178,-0.04298513087435,2.53723261820447
2016,YR2016,Portugal,PRT,19991.9724878805,64.086,-0.315459016997883,2.06581098417221
2016,YR2016,Slovak Republic,SVK,16512.2929859005,53.806,0.128922329956911,2.24457420158616
2016,YR2016,Slovenia,SVN,21678.3594670629,54.02,0.0731972072415279,1.98017135976102
2016,YR2016,Spain,ESP,26523.3482221547,79.84,0.0844301500680736,2.82572003160238
2016,YR2016,Sweden,SWE,51965.1571531985,86.852,1.25645398510305,1.39874442557708
2016,YR2016,Switzerland,CHE,83073.2800824812,73.739,1.09203117387253,0.65072166738136
2016,YR2016,Turkiye,TUR,10894.6033779275,74.134,1.63994240407574,6.14229206403875
2016,YR2016,United Kingdom,GBR,41499.5557033073,82.886,0.757874492811929,0.566834503763194
2016,YR2016,United States,USA,57866.7449341091,81.862,0.724676067451429,0.942644552842604
2017,YR2017,Australia,AUS,53934.2501750463,85.904,1.68452310845434,2.70247380513086
2017,YR2017,Austria,AUT,47429.1584564387,58.094,0.694621103604983,1.21053643138638
2017,YR2017,Belgium,BEL,44198.4823908691,97.961,0.385228018372369,0.665093660241847
2017,YR2017,Canada,CAN,45129.4292980922,81.35,1.19952071057872,1.88999463244888
2017,YR2017,Chile,CHL,14962.5568471791,87.49,1.42514142087535,4.28097161377037
2017,YR2017,Czechia,CZE,20636.199952435,73.675,0.265642663548985,2.0576068880787
2017,YR2017,Denmark,DNK,57610.0981801135,87.757,0.643350903737356,1.30480035996571
2017,YR2017,Estonia,EST,20437.765376736,68.717,0.121070631466687,2.38620546594402
2017,YR2017,Finland,FIN,46412.1364777169,85.325,0.234670531705453,2.31594204179389
2017,YR2017,France,FRA,38781.0494870836,80.18,0.29020211635109,1.54241477388973
2017,YR2017,Greece,GRC,18582.0893411631,78.724,-0.197783224759792,3.85638896453125
2017,YR2017,Germany,DEU,44652.5891722719,77.261,0.373724559895838,0.851748919550925
2017,YR2017,Hungary,HUN,14623.6966492311,71.062,-0.265860932255517,3.75356686379241
2017,YR2017,Iceland,ISL,72010.1490316258,93.773,2.34558267643862,3.78294287228081
2017,YR2017,Ireland,IRL,69774.0289724953,62.947,1.08867556062,1.17939797218571
2017,YR2017,Israel,ISR,40774.1296073227,92.336,1.93872567441099,1.20730222550317
2017,YR2017,Italy,ITA,32406.7203150134,70.144,-0.14986111697397,1.97268467311393
2017,YR2017,Japan,JPN,38834.0529341227,91.535,-0.081874296046114,1.12844054943922
2017,YR2017,"Korea, Rep.",KOR,31616.8434004683,81.503,0.280968018301691,1.8507562953431
2017,YR2017,Latvia,LVA,15695.1151541059,68.075,-0.886215573292392,3.55239259613126
2017,YR2017,Luxembourg,LUX,110193.213797228,90.727,2.43097641776115,0.23457255011554
2017,YR2017,Lithuania,LTU,16885.4073948373,67.516,-1.39832220092102,3.50751154955695
2017,YR2017,Mexico,MEX,9287.84958732302,79.867,1.16396694963579,3.38107388194982
2017,YR2017,Netherlands,NLD,48675.2223350213,91.077,0.591203366164118,1.85559496359799
2017,YR2017,New Zealand,NZL,42924.9955958449,86.466,2.08872272281936,5.91291729137151
2017,YR2017,Norway,NOR,75496.7540581998,81.871,0.807673181884948,1.97646281978842
2017,YR2017,Poland,POL,13864.6817579973,60.105,0.0124800985844923,2.87229845690723
2017,YR2017,Portugal,PRT,21490.429863104,64.652,-0.243889410358812,2.09586857603127
2017,YR2017,Slovak Republic,SVK,17538.048584386,53.751,0.155178995687406,2.09065502455418
2017,YR2017,Slovenia,SVN,23514.0254604147,54.273,0.0651590392490152,1.83972417134003
2017,YR2017,Spain,ESP,28170.1678643302,80.08,0.234587922968563,2.7885291517876
2017,YR2017,Sweden,SWE,53791.5087298403,87.146,1.34744505956262,1.44353822862843
2017,YR2017,Switzerland,CHE,83352.0886533412,73.761,0.933155888738653,0.623019115233245
2017,YR2017,Turkiye,TUR,10589.667724687,74.644,1.60131223365858,6.03862979568919
2017,YR2017,United Kingdom,GBR,40857.7555829627,83.143,0.679374473924223,0.593378706173113
2017,YR2017,United States,USA,59914.777796976,82.058,0.63264399508256,0.94941971387699
,,,,,,,
,,,,,,,
,,,,,,,
Data from database: World Development Indicators,,,,,,,
Last Updated: 09/16/2022,,,,,,,
