"","year","country_code","gdp_per_capita","pct_urban_popl","pct_pop_growth","pct_arable_land"
"1",2000,NA,24625.6007227434,60.213,0.240466652446524,16.9534658264663
"2",2000,NA,21697.7084797731,84.235,1.19227232344832,3.05546516017339
"3",2000,1,23098.8865077401,97.129,0.242517956221334,28.4676354029062
"4",2000,2,24271.0020563821,79.478,0.931281553452429,4.56980522196531
"5",2000,3,5100.25413288222,86.073,1.17718527887184,2.35363104748686
"6",2000,4,6029.03819275358,73.988,-0.280414108078884,41.9697165782322
"7",2000,5,30743.5476816354,85.1,0.334233618829261,57.025
"8",2000,6,4070.60902410208,69.368,0.483707161729931,19.8867657466384
"9",2000,7,24345.9148217032,82.183,0.2076065154133,7.18375521192423
"10",2000,8,22419.6948211313,75.871,0.684945783642239,33.5199162842173
"11",2000,9,23694.7604830673,74.965,0.135431600393084,33.8271958733343
"12",2000,10,12072.9293569196,72.716,0.409041838238246,21.2645461598138
"13",2000,11,4624.28165670295,64.575,-0.259764908288633,51.3501450569069
"14",2000,12,32096.3722613695,92.401,1.36919283329812,1.28678304239401
"15",2000,13,26334.5672050501,59.155,1.33304266586712,5.67861808680505
"16",2000,14,21061.4822833993,91.203,2.64233191305756,15.6192236598891
"17",2000,NA,39169.3595701504,78.649,0.167275578113187,12.2743484224966
"18",2000,NA,20137.5912217673,67.222,0.045303631138613,28.672586721133
"19",2000,15,12256.9935679503,79.621,0.836180864297766,17.8104913953971
"20",2000,16,3361.64086880275,68.067,-0.963935407092365,15.588088771755
"21",2000,17,3293.22997867086,66.986,-0.703385440488978,45.9157626037013
"22",2000,18,48659.5988753233,84.216,1.34408299573143,24.0827202597826
"23",2000,19,7157.81449985734,74.722,1.4410967038977,11.78271046066
"24",2000,20,26214.498549887,76.795,0.714770362784392,30.2932464454976
"25",2000,21,13641.1027183822,86.021,0.587564086381346,5.69670730317876
"26",2000,22,38131.4606116242,76.02,0.649044821192665,2.40661037552978
"27",2000,23,4501.45406742273,61.716,-1.04433539837844,45.6854614907441
"28",2000,24,11526.3720667968,54.399,0.702859953319024,19.1286338797814
"29",2000,25,5426.62428119306,56.233,-0.135376487794425,31.7671517671518
"30",2000,26,10201.3035366727,50.754,0.29607496005045,8.58987090367428
"31",2000,27,14749.6874248766,76.262,0.447137014535835,26.8537074148297
"32",2000,NA,38952.0342005572,73.383,0.561954617400164,10.3430826839389
"33",2000,NA,29624.9126748618,84.026,0.160575484575313,6.38116049086303
"34",2000,28,4337.47800296354,64.741,1.51810979845438,30.9577329366059
"35",2000,NA,36329.9560727102,79.057,1.11276899679534,19.1409660857113
"36",2000,NA,28223.0675706515,78.651,0.357300887421605,24.2880171950564
"37",2001,NA,24558.7636778868,59.934,0.382799394483217,16.8080465341735
"38",2001,NA,19527.3235767954,84.1,1.34835834227145,3.15009827785949
"39",2001,29,23015.0712632462,97.186,0.343951157623668,27.9062087186262
"40",2001,30,23822.0601178964,79.81,1.08635096562717,4.56723985816884
"41",2001,31,4609.21396034224,86.363,1.12619894374837,2.35363104748686
"42",2001,31,6637.04165713981,73.877,-0.375719704335905,41.8791251455934
"43",2001,33,30751.654348268,85.15,0.358315678955486,57.3
"44",2001,34,4505.85833233188,69.242,-0.63696312445507,15.9707478178816
"45",2001,35,24967.7925153182,82.368,0.227687341886374,7.20082734167241
"46",2001,36,22452.9823753273,76.127,0.727789664461319,33.5043930697065
"47",2001,1,23628.3272122367,75.17,0.168225361337335,33.8578389223273
"48",2001,2,12549.036894906,72.913,0.51988446396193,21.1016291698991
"49",2001,3,5276.03318905496,64.67,-0.229379183308447,51.3947779513501
"50",2001,4,28897.4439396908,92.532,1.32929525456819,1.28678304239401
"51",2001,5,28282.409882073,59.399,1.59215149039299,7.39149368558572
"52",2001,6,20316.2480483237,91.267,2.35711729946802,15.8040665434381
"53",2001,NA,34406.1824638092,79.99,0.240952587521069,12.1920438957476
"54",2001,NA,20500.9543995672,67.282,0.0561676014374784,28.1991627158306
"55",2001,7,11561.2483689073,79.94,0.767241774760276,17.4591689063469
"56",2001,8,3578.00190041351,67.95,-1.29148694354873,15.3952464364343
"57",2001,9,3525.79363185461,66.919,-0.824008723044179,26.0210593490747
"58",2001,10,48440.1420151355,84.843,1.19045634528707,24.0827202597826
"59",2001,11,7544.56872335784,75.045,1.40395986845276,11.9092569253324
"60",2001,12,26896.5481111196,77.83,0.754840057734904,29.8815165876777
"61",2001,13,13882.8568268586,86.1,0.589286034969052,5.69670730317876
"62",2001,14,38542.715099709,76.378,0.506046910557235,2.41208616705545
"63",2001,15,4991.24435799511,61.761,-0.0275871247282958,44.350125697868
"64",2001,16,11734.7649743954,55.044,0.705230637323876,17.7984699453552
"65",2001,17,5722.1681828083,56.163,-0.18301227099618,29.97920997921
"66",2001,18,10479.7596309273,50.78,0.157498742047657,8.58987090367428
"67",2001,19,15369.0011599444,76.343,0.694068084334464,26.2055684827088
"68",2001,NA,39727.8466713883,73.375,0.632771238018431,10.3585254155808
"69",2001,NA,27247.857734793,84.071,0.268470527954234,6.57632928977951
"70",2001,20,3142.92099774582,65.34,1.49422662100438,30.9252497953562
"71",2001,NA,37133.623113437,79.234,0.989741382223669,19.1444588033949
"72",2001,NA,27806.4488245133,78.751,0.384975969564228,23.3579961145786
"73",2002,NA,26527.5930910347,59.655,0.49198046425522,16.7838099854581
"74",2002,NA,20117.7888912664,84.222,1.22056378534358,3.08956952995848
"75",2002,21,25006.191397109,97.241,0.448268894821562,27.4768824306473
"76",2002,22,24255.3385818322,79.888,1.08744792718674,4.5300978518982
"77",2002,23,4481.83125502139,86.606,1.0788448744697,2.21913784477332
"78",2002,24,8060.86870292424,73.809,-0.192901617564167,35.9737284845348
"79",2002,25,33228.6935448819,85.25,0.319487125340996,56.9
"80",2002,26,5341.62894677002,69.116,-0.633433796423808,14.4751120547299
"81",2002,27,26997.7529897788,82.503,0.242381050233372,7.2395679437933
"82",2002,28,24292.5802304835,76.38,0.727226637519812,33.5511453392918
"83",2002,29,25197.2656001848,75.374,0.168128319406931,33.7986584876455
"84",2002,30,14177.5721592705,73.303,0.366566462148184,21.0783553141971
"85",2002,31,6655.33300865319,65.081,-0.28475137719698,51.3947779513501
"86",2002,31,32409.2161491753,92.662,0.892596377462957,1.28678304239401
"87",2002,33,32705.4345565698,59.649,1.68514885730282,7.52213673973
"88",2002,34,18439.6461555058,91.33,2.01405839404727,16.1275415896488
"89",2002,NA,32820.7936433254,81.647,0.232527187105684,12.1234567901235
"90",2002,NA,22376.2978989329,67.382,0.148916429490753,28.0233195138612
"91",2002,35,13165.0657360554,80.299,0.577957276814842,17.2951751213968
"92",2002,36,4136.93329688951,67.85,-1.1618382239436,15.6362993555852
"93",2002,1,4141.59270180102,66.828,-0.802765710748508,26.148691767709
"94",2002,2,53005.7339209179,85.299,1.04766081596443,24.0827202597826
"95",2002,3,7593.1373448964,75.365,1.37302085830616,11.9262326705934
"96",2002,4,29343.2449960602,79.113,0.638291666268526,30.0710900473934
"97",2002,5,16874.1874918196,86.161,1.73717486434422,1.80775511754206
"98",2002,6,43084.4724650717,76.733,0.539290805050494,2.40387247976695
"99",2002,7,5207.17142069402,61.787,-0.0463189372499392,42.4760847562767
"100",2002,8,12936.6928204482,55.666,0.547667939660689,17.8814207650273
"101",2002,9,6564.69631373665,56.013,-0.0363525509687338,29.3139293139293
"102",2002,10,11777.1556578814,50.857,0.123915442323272,8.3416087388282
"103",2002,11,17106.686576658,76.533,1.41259540475782,25.8676659185636
"104",2002,NA,42578.7631355696,73.401,0.756469145838096,10.3309549111887
"105",2002,NA,29899.1952495081,84.133,0.325438067703728,6.5166739210541
"106",2002,12,3687.95609325031,65.974,1.47386568720214,31.1760196458038
"107",2002,NA,37997.7596573051,79.409,0.927797485710314,18.8799945862876
"108",2002,NA,30049.8963232066,79.047,0.423337079636281,23.9160087628653
"109",2003,NA,32294.0488606559,59.375,0.487133894826838,16.7235821619001
"110",2003,NA,23492.4051742272,84.343,1.23399666342628,3.02513570154771
"111",2003,13,30655.2092679024,97.296,0.418641508069053,27.5759577278732
"112",2003,14,28300.4630963791,79.967,0.901372739095955,4.49295584562756
"113",2003,15,4827.08337797237,86.665,1.04799383160613,2.01739804070302
"114",2003,16,9818.56849307488,73.74,-0.028620590719166,35.7095897502265
"115",2003,17,40458.7773986609,85.36,0.272010444031566,56.65
"116",2003,18,7203.52303786646,68.989,-0.627622448059203,12.8568058504364
"117",2003,19,32927.6802919408,82.638,0.238457240068217,7.26813093010276
"118",2003,20,29633.6789794897,76.632,0.708771177676303,33.5022916145707
"119",2003,21,30310.3575963774,75.577,0.0553633035873241,33.9067113901551
"120",2003,22,18518.3788387396,73.689,0.238643175320258,21.0395655546936
"121",2003,23,8421.10331316153,65.489,-0.286433268128688,51.2943539388529
"122",2003,24,39476.6978486684,92.789,0.692497620476186,1.28678304239401
"123",2003,25,41203.5295847568,59.925,1.62895096193019,7.71127885034112
"124",2003,26,18991.3798529841,91.393,1.80551975888109,15.4343807763401
"125",2003,NA,35387.0374203599,83.196,0.213980948779682,12.0631001371742
"126",2003,NA,27526.3224609957,67.501,0.444507312655549,26.9141547014385
"127",2003,27,14672.8574703505,80.652,0.518321452985646,17.1384297520661
"128",2003,28,5145.19523190241,67.8,-0.966400801237561,15.3791762418243
"129",2003,29,5499.42898911387,66.737,-0.812278097406687,24.3299298021698
"130",2003,30,65689.3214536911,85.743,1.21520087964639,24.0827202597826
"131",2003,31,7075.36964299974,75.682,1.36378023068234,12.1669796033849
"132",2003,31,35750.9746630269,80.341,0.471814398788212,32.3193127962085
"133",2003,33,21913.7081719961,86.221,1.97355854434158,1.57608902054612
"134",2003,34,50134.8907734947,77.084,0.586532691986894,2.38470720942712
"135",2003,35,5701.6022116161,61.676,-0.067492701646486,41.101750261233
"136",2003,36,15797.7821340276,56.287,0.375411414855816,16.9881967213115
"137",2003,1,8731.93736824381,55.863,-0.0658215070322074,29.3701933070048
"138",2003,2,14849.0372415032,51.082,0.0602967792572922,8.58987090367428
"139",2003,3,21510.8362454011,76.778,1.80845446818345,26.0751988141263
"140",2003,NA,49470.3971259674,73.427,0.74191960337232,10.2957921105235
"141",2003,NA,37321.7979047059,84.196,0.372092942799084,6.48500502160727
"142",2003,4,4760.1040190451,66.602,1.43873664511403,30.3678390915115
"143",2003,NA,39490.2749557007,79.583,0.859481712840946,18.6348822080961
"144",2003,NA,34487.4675722539,79.339,0.465641113602993,23.3910635307734
"145",2004,NA,36889.2335135194,59.094,0.620413127334181,16.714735821619
"146",2004,NA,30513.9417409748,84.463,1.15935216218033,3.35094958541062
"147",2004,5,35429.4077933344,97.35,0.432788248129175,27.7410832232497
"148",2004,6,32143.6814078562,80.045,0.933020777495183,4.45581383935692
"149",2004,7,6186.66271596597,86.725,1.03766797310084,2.01739804070302
"150",2004,8,11749.8526643577,73.671,0.0304348483027166,35.3415739062904
"151",2004,9,46511.5983324305,85.566,0.258432282052875,56.725
"152",2004,10,8914.10355674451,68.862,-0.597820510395586,12.2505307855626
"153",2004,11,37772.1781110398,82.772,0.290350361518584,7.29078433303785
"154",2004,12,33803.3095951203,76.883,0.736332748710216,33.5447534274345
"155",2004,13,34106.6581224001,75.779,-0.021709727650009,34.1141726639333
"156",2004,14,21995.477943746,74.073,0.247413542822812,20.3956555469356
"157",2004,15,10303.704193626,65.896,-0.221439378654807,51.3055121624637
"158",2004,16,47334.9306537723,92.914,0.8779361576874,1.28678304239401
"159",2004,17,47754.2023194244,60.202,1.82831381790901,7.57221657715198
"160",2004,18,19910.6106710093,91.456,1.76762364154994,14.3715341959335
"161",2004,NA,38298.9801712303,84.64,0.0336622582725446,12.0137174211248
"162",2004,NA,31317.2007943296,67.62,0.647182705470772,26.981786702196
"163",2004,19,16496.1200942502,81.002,0.396331436697806,17.0729188184259
"164",2004,20,6378.66652057115,67.9,-1.09131295557421,16.2148263615472
"165",2004,21,6700.32719189382,66.646,-1.12299127483243,25.788130185067
"166",2004,22,76544.9170868473,86.177,1.42133256471314,24.0827202597826
"167",2004,23,7484.486398707,75.997,1.38146893230283,11.9416651662851
"168",2004,24,40436.6182310407,81.514,0.347475412048658,33.3975118483412
"169",2004,25,25420.234882944,86.281,1.48621908244575,1.59507804489005
"170",2004,26,57603.836021826,77.399,0.590930939690253,2.37923141790146
"171",2004,27,6681.38647195042,61.564,-0.0585127351273288,41.1647569614468
"172",2004,28,18064.1580932987,56.907,0.239128989611917,16.2046994535519
"173",2004,29,10691.4465495259,55.713,-0.0203617202597358,28.960498960499
"174",2004,30,17233.1385611279,51.308,0.0640662022616923,8.73882820258193
"175",2004,31,24907.0008505856,77.022,1.7254663034483,26.0927921791738
"176",2004,NA,54878.4710009787,73.452,0.687425960233006,10.2859311740891
"177",2004,NA,42821.6731423358,84.258,0.393298991357658,6.49507033073378
"178",2004,31,6101.63211660696,67.225,1.3847339240455,31.0162025908553
"179",2004,NA,41724.6316287624,79.757,0.925483968943482,18.3930769969613
"180",2004,NA,40371.7108259838,79.629,0.568943113421317,24.0524118546687
"181",2005,NA,38417.4577857677,58.813,0.681267248299787,16.7317014057198
"182",2005,NA,34080.9998953245,84.582,1.31978955436191,3.43673118727464
"183",2005,33,36809.7013403619,97.403,0.550055708089009,27.8401585204756
"184",2005,34,36382.5079164537,80.122,0.944466927450734,4.41867183308628
"185",2005,35,7558.37175410092,86.783,1.04195390189779,1.95015143934626
"186",2005,36,13430.6698955613,73.602,0.138325980046718,35.1076883251359
"187",2005,1,48799.8256011275,85.856,0.275481733409308,58.3
"188",2005,2,10412.6443137966,68.735,-0.572255524659659,13.9608398207124
"189",2005,3,39054.8504423825,82.905,0.342248594286999,7.34265734265734
"190",2005,4,34773.1501479027,77.13,0.753799176960609,33.5628984744967
"191",2005,5,34520.2396492496,75.98,-0.0567782618352031,34.1323546278243
"192",2005,6,22560.1472939077,74.452,0.293249074052818,20.4732350659426
"193",2005,7,11225.9325815328,66.365,-0.198878843237103,51.3447159915188
"194",2005,8,56794.8501588953,93.037,1.58289197780465,1.28678304239401
"195",2005,9,50933.0216095589,60.477,2.17870301355631,7.09377268108579
"196",2005,10,20585.1386127162,91.518,1.76289766113006,14.3715341959335
"197",2005,NA,37812.8950199948,85.978,0.00939209655766336,11.9615912208505
"198",2005,NA,32055.0920757503,67.738,0.491389107503214,26.3088482946591
"199",2005,11,19402.5026259549,81.345,0.211997784117548,16.9643779039752
"200",2005,12,7594.90238431362,68,-1.08057145691172,17.5486525141819
"201",2005,13,7854.76527867855,66.635,-1.62840112593427,30.4164007657945
"202",2005,14,80988.1376230858,86.598,1.53005466340868,23.3058583159187
"203",2005,15,8277.67156384567,76.308,1.4158169793862,11.983847321176
"204",2005,16,41994.7135305232,82.63,0.23366314793854,32.9087677725119
"205",2005,17,27751.0654708859,86.341,1.12877350967992,1.61406706923398
"206",2005,18,66810.478520868,77.675,0.681072964187373,2.36006614756163
"207",2005,19,8021.50574346795,61.452,-0.043948953332248,39.6337283321908
"208",2005,20,18780.12751241,57.522,0.185532266654625,14.2720017492074
"209",2005,21,11690.1134689407,55.563,0.00980913417308711,28.9189189189189
"210",2005,22,18098.9085440003,51.533,0.173208905073743,8.73882820258193
"211",2005,23,26429.1509449319,77.263,1.68934904712031,25.8730890220201
"212",2005,NA,56546.7856553987,73.478,0.640601540243491,10.2788602662078
"213",2005,NA,43437.0631164776,84.319,0.399942762807279,6.59670540337708
"214",2005,24,7456.2961006749,67.84,1.32312648689277,30.9629302392059
"215",2005,NA,44123.4070679055,79.928,0.921713167161207,18.1480082777409
"216",2005,NA,42132.0907219815,79.915,0.68661130607346,23.6804034224776
"217",2006,NA,40669.3269586152,58.532,0.494797775098466,16.6892874454678
"218",2006,NA,36117.487983674,84.7,1.47522794532757,3.15374301966859
"219",2006,25,38705.1067959147,97.454,0.659558214980699,27.8071334214003
"220",2006,26,40504.0607253203,80.213,1.01033450270045,4.38152982681564
"221",2006,27,9406.58448549129,86.842,1.05599431314121,1.81565823663272
"222",2006,28,15261.7975911138,73.533,0.270795629232185,34.1416181229773
"223",2006,29,52026.9995142723,86.098,0.328645158919929,58.675
"224",2006,30,12639.4000677296,68.607,-0.589655559840225,13.1894314696862
"225",2006,31,41222.6020004611,83.037,0.383777136305104,7.43316563085726
"226",2006,31,36474.1595859967,77.377,0.697191228293622,33.4924035305913
"227",2006,33,36353.8803343631,76.179,-0.112797497644931,34.0272998394127
"228",2006,34,24821.9367451879,74.827,0.30033180096664,20.0465477114042
"229",2006,35,11493.1004118789,66.895,-0.155716484651578,51.3000781162817
"230",2006,36,57492.9342498703,93.159,2.34742243028387,1.28678304239401
"231",2006,1,54329.1618599624,60.738,2.69600564359576,6.78008419219045
"232",2006,2,21853.140239801,91.58,1.76780587358185,14.0018484288355
"233",2006,NA,35991.546002862,87.118,0.0633735894181335,11.9149519890261
"234",2006,NA,33529.7266014361,67.856,0.30055968851778,24.942681879358
"235",2006,3,21743.4774514254,81.528,0.525199940498775,16.7113955408753
"236",2006,4,9723.44690174779,67.967,-0.91727295748817,19.3645845051184
"237",2006,5,9230.70798102521,66.706,-1.59637831830094,29.9744735162731
"238",2006,6,90788.8004876145,87.009,1.59505191774492,23.3058583159187
"239",2006,7,9068.29421839425,76.616,1.4562132376675,12.0183132282209
"240",2006,8,44900.9381441374,83.636,0.160613668857538,31.6883886255924
"241",2006,9,26654.5932018985,86.4,1.21898486028427,1.51532414264555
"242",2006,10,74148.3200757187,77.95,0.805392739160981,2.3491145645103
"243",2006,11,9035.41046744936,61.341,-0.0633705742926632,40.3760773047793
"244",2006,12,19839.4540499032,58.137,0.18033244147767,13.5753799059801
"245",2006,13,13170.7849804675,55.412,0.00459711883568263,28.6486486486486
"246",2006,14,19672.9655554146,51.758,0.31911453657107,8.83813306852036
"247",2006,15,28389.0785799873,77.502,1.69035255626114,25.4920036875225
"248",2006,NA,59300.6172165015,73.504,0.627558473346134,10.2993648303262
"249",2006,NA,46593.6021646111,84.43,0.562483906481893,6.49457934004468
"250",2006,16,8101.85692374776,68.45,1.24887663592494,29.8598027623663
"251",2006,NA,46302.0008800056,80.099,0.964253917136075,17.9029395585205
"252",2006,NA,44654.0969208924,80.199,0.73504867842129,25.1891042863638
"253",2007,NA,46915.3374004507,58.249,0.324146535285463,16.6747455162385
"254",2007,NA,41001.1429790999,84.822,0.624678435014185,3.01016622626037
"255",2007,17,44319.165448813,97.505,0.734330830765919,27.7080581241744
"256",2007,18,44659.8951408034,80.396,0.971135141368055,4.33702634182469
"257",2007,19,10439.428464249,86.9,1.06855546195518,1.69730421824481
"258",2007,20,18466.5479299216,73.463,0.583542205385113,33.9971521035599
"259",2007,21,58487.0549677696,86.293,0.443466054321374,57.65
"260",2007,22,16744.5844516343,68.479,-0.456188535090031,14.13776834159
"261",2007,23,48476.3927287052,83.168,0.425429832100631,7.42115820974054
"262",2007,24,41561.2005095485,77.621,0.618708359125178,33.3959752135394
"263",2007,25,41640.0808695147,76.378,-0.133718572600486,34.0637278802306
"264",2007,26,28863.9732885018,75.199,0.254757581935775,19.9146625290923
"265",2007,27,13944.9710132004,67.421,-0.154915158060948,51.2442807722352
"266",2007,28,69495.7267376825,93.278,2.53008548940662,1.24688279301746
"267",2007,29,61396.417461176,60.94,2.89096000464164,6.75642328349543
"268",2007,30,24952.5475909074,91.641,1.7761008691798,14.1312384473198
"269",2007,NA,35779.0245416427,88.146,0.114908847726211,11.8683127572016
"270",2007,NA,37870.7475070969,67.974,0.504933687397673,24.2494538715939
"271",2007,31,24086.4104391677,81.631,0.505234032920336,16.4775072224515
"272",2007,31,14113.5291277327,67.9,-0.816175506582982,19.0913911967474
"273",2007,33,12285.4470537014,66.777,-1.187947957259,29.2852584556477
"274",2007,34,107475.320297978,87.409,1.54438684650549,23.6942892878507
"275",2007,35,9642.68051672231,76.92,1.48606353186843,12.098562205818
"276",2007,36,51799.2085521047,84.539,0.217521601194242,31.3921800947867
"277",2007,1,32479.9817381467,86.34,0.932407687512324,1.6368538984467
"278",2007,2,85139.9604469545,78.234,1.03473451527827,2.334329927391
"279",2007,3,11254.5173881254,61.229,-0.0543050208038707,38.5968921389397
"280",2007,4,22811.0564844365,58.749,0.196304384487306,12.5532961626763
"281",2007,5,16106.0604446695,55.261,0.0291784011934372,28.6278586278586
"282",2007,6,23817.8867320201,51.983,0.559207815536831,8.68917576961271
"283",2007,7,32591.3503065871,77.74,1.85108130845179,25.2168860571818
"284",2007,NA,65359.5192218269,73.53,0.893690977823134,10.2895029861322
"285",2007,NA,53700.0053363063,84.588,0.741552514625445,6.45996449646327
"286",2007,8,9791.88245001167,69.053,1.19280433140776,28.5578784610787
"287",2007,NA,48050.2237771135,80.269,0.951055242772428,17.6578708393001
"288",2007,NA,50653.2569148306,80.479,0.778666112441256,25.1519034431447
"289",2008,NA,51919.9835754226,57.966,0.313041437661508,16.5899175957344
"290",2008,NA,49654.9105957389,84.943,2.00402174031569,3.12329640862762
"291",2008,9,48303.397956286,97.555,0.789976845480149,27.8731836195509
"292",2008,10,46710.5055759013,80.578,1.08290711607014,4.29252285683374
"293",2008,11,10752.9723000388,86.959,1.07138371997089,1.76455081960158
"294",2008,12,22804.5776774507,73.394,0.829412602993033,33.6644225789746
"295",2008,13,64322.0635020842,86.487,0.587547590258978,60.05
"296",2008,14,18204.9664786762,68.351,-0.268133719541207,14.1023826374145
"297",2008,15,53772.7942390019,83.299,0.465549284507694,7.43369529450477
"298",2008,16,45519.2968812949,77.868,0.558843467315968,33.3640150705771
"299",2008,17,45612.7106221441,76.575,-0.190142844695674,34.2253965522187
"300",2008,18,32127.9831943287,75.568,0.265457836726293,19.8293250581846
"301",2008,19,15777.1920232033,67.943,-0.17509736747488,51.1661644905703
"302",2008,20,56943.3704468563,93.395,1.85957217059918,1.24688279301746
"303",2008,21,61353.1065629523,61.141,2.03870801117202,7.04964436057483
"304",2008,22,29650.7702509045,91.702,1.7765791059698,13.8493530499076
"305",2008,NA,39876.3039685725,89.103,0.0484253945978966,11.8189300411523
"306",2008,NA,40944.9124194678,68.092,0.662469252941527,25.3552370839787
"307",2008,23,21350.427979823,81.733,0.759316681850927,16.1356840911434
"308",2008,24,16467.1436879405,67.834,-1.0509395443743,18.8021276937664
"309",2008,25,14944.996652175,66.848,-1.02848317546539,29.7008376545672
"310",2008,26,120422.137934157,87.8,1.78749663225793,24.0827202597826
"311",2008,27,10016.5712139986,77.222,1.49536909755127,11.9889914864065
"312",2008,28,57879.9437553916,85.402,0.389292461499527,31.5936018957346
"313",2008,29,31252.9625640673,86.28,0.848701402422591,1.72040560555999
"314",2008,30,96944.0956064873,78.526,1.24633301535167,2.31379570916976
"315",2008,31,13996.0251506835,61.116,0.0136373796827091,39.3176624224616
"316",2008,31,24949.0413566739,59.359,0.144191279853498,13.3400021865092
"317",2008,33,18753.5849413816,55.111,0.0857552995195914,28.7318087318087
"318",2008,34,27595.5999653992,52.209,0.158140843634363,9.10395012458925
"319",2008,35,35510.7222312701,77.976,1.59533049906372,25.0360866078589
"320",2008,NA,74572.232372807,73.556,1.27061807385776,10.2819111246078
"321",2008,NA,56152.552340314,84.746,0.779033290770134,6.41896677392358
"322",2008,36,10941.172146426,69.651,1.19537882664634,28.0069643854839
"323",2008,NA,48570.0459804586,80.438,0.945865287282592,17.5377866108695
"324",2008,NA,47549.3486286006,80.757,0.787032622318939,24.821229281197
"325",2009,NA,48153.3240199631,57.683,0.261953189906348,16.5608337372758
"326",2009,NA,42783.3225651148,85.063,2.0610451296841,3.53300443877485
"327",2009,1,44760.2912443709,97.603,0.804599572619861,27.7410832232497
"328",2009,2,40876.3101540295,80.758,1.14175809912162,4.24801937184279
"329",2009,3,10151.058524965,87.017,1.05928641203431,1.76186095554731
"330",2009,4,19861.6974295256,73.324,0.569729451418061,33.4267219057483
"331",2009,5,58163.2768762815,86.654,0.535079062079429,60.775
"332",2009,6,14711.7352728223,68.223,-0.192768077420229,14.069355980184
"333",2009,7,47481.4845364339,83.429,0.478246393482911,7.43106284962159
"334",2009,8,41740.2430343475,78.117,0.51448954376938,33.3411863970326
"335",2009,9,41650.3678297162,76.771,-0.253383410163402,34.2646510427125
"336",2009,10,29828.7560245271,75.932,0.263026401346927,19.7595034910784
"337",2009,11,13081.7926445778,68.46,-0.154908813950621,50.6461946316138
"338",2009,12,41301.273219718,93.511,0.341241978970882,1.23690773067332
"339",2009,13,52133.0906162544,61.342,1.01566327592341,6.71490782406735
"340",2009,14,27780.4637181529,91.763,2.39020733801215,14.0619223659889
"341",2009,NA,41308.9968370512,89.989,-0.0124946312294096,11.7805212620027
"342",2009,NA,37226.7571935402,68.209,0.455613449577732,23.6069498643978
"343",2009,15,19143.8516053025,81.835,0.514682827535803,15.8252627240882
"344",2009,16,12331.9285524089,67.814,-1.65102496759116,18.7699873045463
"345",2009,17,11820.7761591359,66.842,-1.11034575437238,32.7674511368169
"346",2009,18,109419.746953106,88.178,1.85177523043645,23.9933811362383
"347",2009,19,8002.97217765844,77.52,1.47675580253545,11.905656009671
"348",2009,20,52722.2130568997,86.288,0.514284544827762,31.2689000889416
"349",2009,21,28209.3623271229,86.22,0.999728031208421,1.78876609319813
"350",2009,22,79977.6970817492,78.815,1.2611272893768,2.28581441447361
"351",2009,23,11526.0558884824,61.004,0.067763227021235,39.3953245396369
"352",2009,24,23151.2154130712,59.964,0.0953308592370666,13.1125668741129
"353",2009,25,16597.2084581361,54.96,0.133257321027673,28.7377833229362
"354",2009,26,24792.1279805504,52.433,0.903875535210913,9.14582692174051
"355",2009,27,32169.5028548583,78.21,0.88573598057307,25.0611639193037
"356",2009,NA,72083.167695454,73.581,1.24948463127384,10.2743192630833
"357",2009,NA,46946.9602719954,84.902,0.851904412936677,6.45088116871496
"358",2009,28,9103.47405061243,70.241,1.27389035427646,27.7419019528865
"359",2009,NA,47194.9433547336,80.606,0.876651298802912,17.3897120718192
"360",2009,NA,38952.2110262455,81.031,0.756390859593407,25.0031000702683
"361",2010,NA,46903.7615854343,57.399,0.240394299500766,16.5269025690742
"362",2010,NA,52087.9722888891,85.182,1.55548958906995,3.331261471174
"363",2010,29,44184.946353964,97.651,0.913639391631709,27.5429326287979
"364",2010,30,47562.0834253057,80.937,1.11186407517168,4.20351588685184
"365",2010,31,12724.10406267,87.074,1.03891170046699,1.70940860648903
"366",2010,31,19960.0684872157,73.255,0.29136167418042,32.9914540981484
"367",2010,33,58041.3984363385,86.795,0.444197154509531,60.525
"368",2010,34,14663.0446126465,68.094,-0.22805796852935,15.2158527954706
"369",2010,35,46505.3031791811,83.77,0.457494535465831,7.41954590325765
"370",2010,36,40677.9851405443,78.369,0.494040602950225,33.422456474851
"371",2010,1,41572.4559481507,76.966,-0.153198446937304,33.9845655105144
"372",2010,2,26716.6488260274,76.292,0.128880432668041,19.9146625290923
"373",2010,3,13223.0830027699,68.911,-0.226013875689698,48.5143046503921
"374",2010,4,43237.0729488958,93.574,-0.143903000294037,1.22693266832918
"375",2010,5,48655.3661626634,61.542,0.544884384079014,6.37015532007548
"376",2010,6,30780.0238155167,91.826,1.82675240987847,13.5674676524954
"377",2010,NA,44968.1562349739,90.812,0.0179605415195644,11.7475994513032
"378",2010,NA,36035.6449950691,68.327,0.30759122234095,23.8132274667081
"379",2010,7,23087.2256438476,81.936,0.49822508440111,15.5041152263374
"380",2010,8,11420.9940032836,67.841,-2.08130508988111,18.8503382775965
"381",2010,9,11987.508411647,66.757,-2.09694341985475,33.9433585959314
"382",2010,10,110885.991378721,88.547,1.8254058035237,24.063298711186
"383",2010,11,9271.39839576997,77.815,1.43814066910139,11.7971141233056
"384",2010,12,50999.7451168879,87.134,0.512923100553586,30.3172250222354
"385",2010,13,33676.7741239925,86.16,1.1117260560215,1.89510462952414
"386",2010,14,87693.7900658099,79.102,1.24566617956207,2.26040674179453
"387",2010,15,12613.0109954681,60.892,-0.285609121534849,35.3565365025467
"388",2010,16,22520.6423124045,60.567,0.0459100367184907,12.5294246096735
"389",2010,17,16841.7677398734,54.685,0.0931912731899838,28.9451248674388
"390",2010,18,23532.4808545468,52.658,0.43607948463593,9.16252196443994
"391",2010,19,30532.4805081656,78.442,0.460408305051304,25.0554988900222
"392",2010,NA,77117.126014204,73.607,1.0415580576588,10.2363599554611
"393",2010,NA,52869.0442891587,85.056,0.852524628765313,6.428541092361
"394",2010,20,10742.7749787626,70.825,1.40008860606542,27.784779699336
"395",2010,NA,48650.6431283336,80.772,0.829616674709795,17.2416375327688
"396",2010,NA,39688.6149684498,81.302,0.783888646646516,24.6765593353449
"397",2011,NA,51442.2762464407,57.115,0.337080841831645,16.4760058167717
"398",2011,NA,62574.1457032412,85.3,1.38952731561803,4.12570454160863
"399",2011,21,47410.5669277464,97.698,1.3010029017038,27.2457067371202
"400",2011,22,52223.696112356,81.096,0.978697786570341,4.15867778919179
"401",2011,23,14577.6326608147,87.132,0.997514840169031,1.77127547973725
"402",2011,24,21871.2660754128,73.185,0.206747667335417,32.650653890975
"403",2011,25,61753.647131977,86.957,0.411737855195019,62.475
"404",2011,26,17487.8047830922,67.965,-0.303582823643979,14.9186128803963
"405",2011,27,51148.9316365833,84.313,0.463558707499131,7.40564019875613
"406",2011,28,43848.106054888,78.622,0.483675544447657,33.3744249457134
"407",2011,29,46705.8957963353,77.16,-1.8537146287573,34.0687399586872
"408",2011,30,25483.8825644931,76.649,-0.147951277402184,19.7982932505818
"409",2011,31,14240.2575010219,69.358,-0.283360435946948,48.5474428366287
"410",2011,31,47714.5922308485,93.587,0.305468368224399,1.21895261845387
"411",2011,33,52177.1126832014,61.742,0.436072439258428,6.66482798664538
"412",2011,34,33775.5120004457,91.892,1.84807786159597,13.6645101663586
"413",2011,NA,48760.0789494211,91.069,-0.185226486410846,11.6707818930041
"414",2011,NA,38649.6394836789,68.444,0.171978290995717,22.7243522545127
"415",2011,35,25096.2638838239,81.923,0.768971758582589,15.3102171005247
"416",2011,36,13338.9622350852,67.869,-1.82076700208005,18.6092853584457
"417",2011,1,14376.9478643932,66.741,-2.25846389882827,34.8741104764336
"418",2011,2,119025.057203467,88.906,2.22266050326725,24.1293319764145
"419",2011,3,10203.4212952716,78.111,1.39478996981758,11.6854857378019
"420",2011,4,54230.3129029852,87.879,0.466428782200821,29.8339264531435
"421",2011,5,38387.6270784076,86.1,0.762479795105218,1.78876609319813
"422",2011,6,100600.562407589,79.455,1.297189390693,2.239598733997
"423",2011,7,13879.5609852546,60.78,0.0537697088781007,36.2407340887568
"424",2011,8,23217.2954965207,61.167,-0.147084878575482,12.3023255813953
"425",2011,9,18430.1298033985,54.42,0.128936462723796,28.9302944601564
"426",2011,10,25128.0150431304,52.883,0.207732702329724,9.15069989079718
"427",2011,11,31677.9003083652,78.673,0.355338396471428,24.8639673521645
"428",2011,NA,91254.0347609687,73.631,1.11187894263206,10.2211762324122
"429",2011,NA,60755.7595508465,85.297,0.755150133665177,6.39294426740138
"430",2011,12,11420.5554558378,71.402,1.53156607830159,26.6868495250965
"431",2011,NA,50065.9665041742,80.944,0.726786704810745,17.0935629937184
"432",2011,NA,42284.8844902996,81.57,0.781506562236639,25.0568346215848
"433",2012,NA,48564.9173350875,57.147,0.45593747231891,16.4214735821619
"434",2012,NA,68027.8417067378,85.402,1.74582000067359,4.11821980396496
"435",2012,13,44670.5606845101,97.744,0.620163579337378,26.5191545574637
"436",2012,14,52669.0899632316,81.137,1.08581726304756,4.18645064072749
"437",2012,15,15354.6184041413,87.189,0.96307999965156,1.72554779081465
"438",2012,16,19870.8012123403,73.197,0.139925655740972,32.614269066425
"439",2012,17,58507.5080517852,87.142,0.376272242619955,60.45
"440",2012,18,17403.2053254767,67.974,-0.357944411443807,14.6378862939372
"441",2012,19,47708.0612784469,84.841,0.475809486683209,7.40103326861693
"442",2012,20,40872.3624615688,78.878,0.483998961260596,33.3877568910634
"443",2012,21,43855.8544658618,77.17,0.187727800567293,33.9530613415964
"444",2012,22,21912.9982879517,77.004,-0.540752950543684,19.7051978277735
"445",2012,23,12989.1802815896,69.678,-0.516437606548041,48.5695349607865
"446",2012,24,45995.5478789467,93.6,0.532100734916982,1.20897755610973
"447",2012,25,49026.0230672702,61.942,0.4237438032978,7.00551604006387
"448",2012,26,32667.6068723254,91.96,1.84615132126711,13.6229205175601
"449",2012,NA,49145.2804308193,91.148,-0.159710675844347,11.6488340192044
"450",2012,NA,35051.5212697703,68.684,0.269541239520996,24.0702290695866
"451",2012,27,25466.7605170594,81.851,0.525713660600414,15.6427910800534
"452",2012,28,13847.3379393194,67.897,-1.24035915329271,18.9306892506468
"453",2012,29,14367.709424872,66.864,-1.34120198821595,36.0675878354661
"454",2012,30,112584.676270958,89.249,2.40154189982875,24.3002416040645
"455",2012,31,10241.727828043,78.405,1.35529442643505,11.6011214280203
"456",2012,31,50070.1416045904,88.588,0.370055034770235,29.982206405694
"457",2012,33,39973.3807587223,86.161,0.548220797298334,1.93308267821199
"458",2012,34,101524.141851985,79.874,1.31344098868985,2.22289756984372
"459",2012,35,13097.2708482174,60.654,-0.000239076003298365,35.6769642740513
"460",2012,36,20563.7136012629,61.763,-0.405421787747567,12.2701168249809
"461",2012,1,17429.829750132,54.28,0.170183855326072,28.9531691898187
"462",2012,2,22641.805122503,53.108,0.210024305900448,9.1185712087443
"463",2012,3,28322.8092495057,78.902,0.0649259625617232,25.1294456328342
"464",2012,NA,86547.6708907265,73.653,1.06181932886789,10.218645611904
"465",2012,NA,58037.8213192173,85.62,0.739763272434863,6.36765824691283
"466",2012,4,11795.6334567571,71.974,1.63114823337747,26.736223899796
"467",2012,NA,51784.4185738837,81.119,0.733599941250847,16.9454884546681
"468",2012,NA,42686.8000524926,81.837,0.695353132322269,25.6768486752366
"469",2013,NA,50731.1272541847,57.336,0.589387254692989,16.4069316529326
"470",2013,NA,68156.6279162085,85.502,1.721151439989,4.06399125261966
"471",2013,5,46757.9518559598,97.789,0.471340143966627,26.9484808454425
"472",2013,6,52635.1749580433,81.178,1.05659125917789,4.2142234922632
"473",2013,7,15777.7815089667,87.246,0.978805917146093,1.76051602352017
"474",2013,8,20133.1691431353,73.29,0.0331699460503076,32.3879823879824
"475",2013,9,61191.1937042028,87.292,0.416901360752097,60.19
"476",2013,10,19056.0019226989,68.122,-0.355891802625531,14.6767885898321
"477",2013,11,49892.2233632732,85.125,0.460723772785295,7.31876665898845
"478",2013,12,42605.0443782179,79.135,0.514773829097755,33.4315879442688
"479",2013,13,46298.9229177341,77.18,0.272900214681538,34.0403577161202
"480",2013,14,21787.7877636035,77.355,-0.725120806658085,19.4724592707525
"481",2013,15,13719.9505393621,69.953,-0.27536875707442,47.6748039323981
"482",2013,16,49804.9829978371,93.633,0.945885900369151,1.20897755610973
"483",2013,17,51533.0345651701,62.141,0.526556158855653,6.8811148207287
"484",2013,18,36499.4561082284,92.031,1.86605289478673,13.2070240295749
"485",2013,NA,40898.6478964744,91.226,-0.144271883387076,11.6268861454047
"486",2013,NA,35560.0814062288,68.979,1.1592511168095,23.0861834585653
"487",2013,19,27182.7343101936,81.779,0.455218622164662,15.3531911399421
"488",2013,20,15007.4918561719,67.925,-1.07103480329077,19.4127950889485
"489",2013,21,15729.6524666512,66.986,-1.01200736818103,36.5456721180694
"490",2013,22,120000.140729859,89.574,2.31117625275217,24.257514197152
"491",2013,23,10725.1835873796,78.699,1.31555760676608,11.5697420201137
"492",2013,24,52198.8975607454,89.187,0.294820793441482,30.8222024339567
"493",2013,25,42976.6495882584,86.221,0.768347998194806,2.07739926322586
"494",2013,26,102913.450843674,80.286,1.20914158930136,2.21237990621023
"495",2013,27,13696.4663046143,60.529,-0.0603600174744649,35.2437869436008
"496",2013,28,21653.1959752225,62.352,-0.548815210952228,12.4284429268207
"497",2013,29,18208.4175936578,54.14,0.107458009492367,28.3147562801531
"498",2013,30,23503.2824850255,53.332,0.135726228915631,9.1837140019861
"499",2013,31,29067.809460022,79.133,-0.327669039579687,24.3517722556526
"500",2013,NA,88109.4867524037,73.674,1.14987975781229,10.1959130478793
"501",2013,NA,61126.9431963979,85.936,0.847348652246305,6.35494158806519
"502",2013,31,12614.7816100386,72.531,1.69274545557577,26.732325922846
"503",2013,NA,53291.1276891406,81.299,0.692860276624581,17.0051664841015
"504",2013,NA,43713.8141242308,82.102,0.669740535540783,25.8975736783367
"505",2014,NA,51786.3771747905,57.526,0.781541632525841,16.3802714493456
"506",2014,NA,62511.6905895284,85.602,1.49156648912847,4.16025148718483
"507",2014,33,47764.0715120833,97.833,0.44392928847521,26.9815059445178
"508",2014,34,50955.9983232404,81.218,1.00533757867378,4.2419963437989
"509",2014,35,14606.9967241905,87.303,1.06117867141393,1.73388636938289
"510",2014,36,19890.9199056648,73.384,0.105277581527518,32.2325822325822
"511",2014,1,62548.9847332908,87.41,0.507053283010163,60.8
"512",2014,2,20261.0667303886,68.269,-0.262256175097854,15.0448585231194
"513",2014,3,50327.2402902632,85.175,0.413560207519414,7.34081411036888
"514",2014,4,43068.5487241739,79.394,0.473706907839969,33.4816283966783
"515",2014,5,48023.8699845462,77.19,0.416877359168292,34.018343364861
"516",2014,6,21616.7100094908,77.702,-0.666113290031891,17.2536850271528
"517",2014,7,14298.833667395,70.227,-0.269378767165116,47.3591935130397
"518",2014,8,54576.7448146565,93.667,1.11250475522796,1.20897755610973
"519",2014,9,55599.850799684,62.34,0.731001376585771,6.7525039918711
"520",2014,10,37847.6499432106,92.104,1.91954379859591,13.8863216266174
"521",2014,NA,38475.3952461838,91.304,-0.132694222147042,11.5829903978052
"522",2014,NA,35565.7213771496,69.272,0.917504095962437,22.7514050548157
"523",2014,11,29249.5752209742,81.707,0.628149861433639,15.1493379862465
"524",2014,12,15742.3913381908,67.952,-0.941743354234222,19.4288652835586
"525",2014,13,16551.018202078,67.108,-0.859827343070249,37.51316839585
"526",2014,14,123678.702143275,89.884,2.35697870484045,24.3196631526611
"527",2014,15,10928.9160089988,78.993,1.27768636604222,11.3999845675043
"528",2014,16,52900.537415323,89.69,0.359828172726548,31.0181062629861
"529",2014,17,44572.8987536626,86.281,1.66101200071152,2.24070487258365
"530",2014,18,97019.1827527462,80.692,1.12773667734928,2.21353681650361
"531",2014,19,14271.3058536202,60.403,-0.0748462292920506,35.6902576831379
"532",2014,20,22103.7009703321,62.936,-0.539190466792077,11.9875859117783
"533",2014,21,18655.7901089421,54,0.0970454215834878,28.2695507487521
"534",2014,22,24247.1733184083,53.557,0.0983519219451147,9.13803376365442
"535",2014,23,29500.7894328615,79.366,-0.298951059088036,24.5456908098599
"536",2014,NA,89684.7075795936,73.696,1.22010397343287,10.1083561089179
"537",2014,NA,60020.3604576572,86.247,0.992219728591882,6.33557200538028
"538",2014,24,12157.9904337823,73.077,1.70264361643927,26.8947416290945
"539",2014,NA,55123.8497869046,81.483,0.733361519937424,17.064844513535
"540",2014,NA,47787.2412984884,82.365,0.736463978721671,25.7657173562601
"541",2015,NA,44195.8175947748,57.715,1.12099250236958,16.3124091129423
"542",2015,NA,56707.0220772116,85.701,1.43921665259925,4.04705622014241
"543",2015,25,41008.296719472,97.876,0.579446241677791,27.3943196829591
"544",2015,26,43596.1355365546,81.259,0.746339477969813,4.26988073289098
"545",2015,27,13495.0106099649,87.36,1.17771785691816,1.76589575162871
"546",2015,28,17829.6983223668,73.477,0.196588748472653,32.2497085869706
"547",2015,29,53254.8563700916,87.526,0.706423849687002,58.791275
"548",2015,30,17402.0376128079,68.416,0.0655525295417938,15.527950310559
"549",2015,31,42801.9081167285,85.225,0.329383885818507,7.37817116909611
"550",2015,31,36652.9223052178,79.655,0.355569240058298,33.7475367861245
"551",2015,33,41103.2564363768,77.2,0.865702643950251,33.9563148540962
"552",2015,34,18083.8779056547,78.046,-0.658861360878339,16.8425135764158
"553",2015,35,12720.7120220668,70.5,-0.237855001984657,47.3811089195705
"554",2015,36,52951.6815110898,93.7,1.04194038662969,1.2069825436409
"555",2015,1,62012.4849258149,62.538,0.944845307474728,6.57570039192916
"556",2015,2,35808.4364289727,92.179,1.98128897562083,13.7338262476895
"557",2015,NA,34960.6393843385,91.381,-0.106124993746747,11.5363511659808
"558",2015,NA,30242.3861352184,69.565,-0.0963761331392095,22.3219418500058
"559",2015,3,28732.2310762599,81.634,0.527288497407793,15.0289907127097
"560",2015,4,13786.4567953114,67.98,-0.818626340945853,19.7631253314478
"561",2015,5,14263.9645773495,67.23,-0.940753796646208,34.6671987230646
"562",2015,6,105462.012584423,90.179,2.35995118136865,24.3934650373282
"563",2015,7,9616.64555810607,79.285,1.24116450246976,11.3418555003987
"564",2015,8,45193.4032187971,90.173,0.443220089035769,30.9474309474309
"565",2015,9,38630.7265886928,86.341,2.0360339086492,1.81535072727963
"566",2015,10,74355.5158575643,81.091,0.995084736958414,2.2101904566573
"567",2015,11,12578.4954734362,60.278,-0.0666411009657168,35.5563538979065
"568",2015,12,19250.1065376852,63.514,-0.414141101993213,11.6800719606662
"569",2015,13,16342.2162621093,53.889,0.0950338786482762,28.0770350650971
"570",2015,14,20890.1664304173,53.781,0.075190689011533,9.14678343411476
"571",2015,15,25742.3688346767,79.602,-0.077588861590047,24.5731005621812
"572",2015,NA,84776.1421659748,73.718,1.13833715247736,10.081954082938
"573",2015,NA,51545.4836095322,86.553,1.05745468551674,6.32242261090945
"574",2015,16,11006.2795239649,73.611,1.66948158450263,26.8310746722451
"575",2015,NA,56762.7294515989,81.671,0.73621730882542,17.1245116109242
"576",2015,NA,45404.5677734722,82.626,0.792367505802859,24.8460298433431
"577",2016,NA,45307.5878620429,57.905,1.08139629872802,16.2928986912264
"578",2016,NA,49881.7637140466,85.8,1.56194049810399,3.90755614259973
"579",2016,17,42012.6227191016,97.919,0.506300002451376,28.0515191545575
"580",2016,18,42315.6037056806,81.3,1.13234865466606,4.29754204687031
"581",2016,19,13690.9074621215,87.422,1.32520687841934,1.70779468805647
"582",2016,20,18575.2320271915,73.57,0.192048415842684,32.2626602771662
"583",2016,21,54663.9983719195,87.642,0.780392644135167,59.2625
"584",2016,22,18295.3429322114,68.563,0.0291122255540077,16.0110420979986
"585",2016,23,43814.0265056965,85.275,0.287421401687637,7.39034582606693
"586",2016,24,37062.5335723829,79.917,0.263868788565368,33.5232971179256
"587",2016,25,42136.1207907991,77.224,0.807218538573871,33.6701396839936
"588",2016,26,17923.9668134716,78.387,-0.415913028277122,16.6020170674942
"589",2016,27,13107.3779137744,70.779,-0.295110604845478,47.3701512163051
"590",2016,28,61987.9263620283,93.735,1.38808149583838,1.2069825436409
"591",2016,29,62861.6391157902,62.737,1.12883406399428,6.69182755116853
"592",2016,30,37330.261796968,92.256,1.9603489624817,13.6321626617375
"593",2016,NA,39375.4731620781,91.457,-0.0511374152133631,11.4787379972565
"594",2016,NA,30960.7315088902,69.855,-0.169884073301448,22.6465754536416
"595",2016,31,29288.8704389833,81.562,0.396851823381145,14.5760034465427
"596",2016,31,14331.7515885049,68.021,-0.913885332226604,20.6984106577531
"597",2016,33,15008.3132445526,67.366,-1.27069453298857,34.2070815108074
"598",2016,34,106899.293549552,90.46,2.15531198799205,24.0283399237122
"599",2016,35,8744.51555912786,79.577,1.20325950587092,11.1880449600041
"600",2016,36,46039.1059284098,90.635,0.532178879608489,30.5316305316305
"601",2016,1,40058.1961621466,86.4,2.24603210015584,2.05461243401314
"602",2016,2,70460.5605323322,81.485,0.880969815359919,2.2049333563342
"603",2016,3,12447.4395912808,60.178,-0.04298513087435,35.291812273425
"604",2016,4,19991.9724878805,64.086,-0.315459016997883,10.7223794178522
"605",2016,5,16512.2929859005,53.806,0.128922329956911,28.0158069883527
"606",2016,6,21678.3594670629,54.02,0.0731972072415279,9.14804885314269
"607",2016,7,26523.3482221547,79.84,0.0844301500680736,24.6958948202833
"608",2016,NA,83073.2800824812,73.739,1.09203117387253,10.0894548364297
"609",2016,NA,51965.1571531985,86.852,1.25645398510305,6.29882882509526
"610",2016,8,10894.6033779275,74.134,1.63994240407574,26.4828553980484
"611",2016,NA,57866.7449341091,81.862,0.724676067451429,17.1841896403576
"612",2016,NA,41499.5557033073,82.886,0.757874492811929,24.9080746496921
"613",2017,NA,47429.1584564387,58.094,0.694621103604983,16.1044595249636
"614",2017,NA,53934.2501750463,85.904,1.68452310845434,3.99790952181612
"615",2017,9,44198.4823908691,97.961,0.385228018372369,27.6089828269485
"616",2017,10,45129.4292980922,81.35,1.19952071057872,4.29519975818658
"617",2017,11,14962.5568471791,87.49,1.42514142087535,1.72420285878752
"618",2017,12,20636.199952435,73.675,0.265642663548985,32.327418728144
"619",2017,13,57610.0981801135,87.757,0.643350903737356,59.185
"620",2017,14,20437.765376736,68.717,0.121070631466687,15.8830409356725
"621",2017,15,46412.1364777169,85.325,0.234670531705453,7.3769413003422
"622",2017,16,38781.0494870836,80.18,0.29020211635109,33.7213605158915
"623",2017,17,44652.5891722719,77.261,0.373724559895838,33.694936600166
"624",2017,18,18582.0893411631,78.724,-0.197783224759792,16.6244173778123
"625",2017,19,14623.6966492311,71.062,-0.265860932255517,47.3701512163051
"626",2017,20,72010.1490316258,93.773,2.34558267643862,1.2069825436409
"627",2017,21,69774.0289724953,62.947,1.08867556062,6.69182755116853
"628",2017,22,40774.1296073227,92.336,1.93872567441099,17.8835489833641
"629",2017,NA,38834.0529341227,91.535,-0.081874296046114,11.4156378600823
"630",2017,NA,32406.7203150134,70.144,-0.14986111697397,22.779370887129
"631",2017,23,31616.8434004683,81.503,0.280968018301691,14.323659111886
"632",2017,24,15695.1151541059,68.075,-0.886215573292392,20.7305510469732
"633",2017,25,16885.4073948373,67.516,-1.39832220092102,33.5834357689054
"634",2017,26,110193.213797228,90.727,2.43097641776115,24.097480636716
"635",2017,27,9287.84958732302,79.867,1.16396694963579,10.4205355076005
"636",2017,28,48675.2223350213,91.077,0.591203366164118,30.7989307989308
"637",2017,29,42924.9955958449,86.466,2.08872272281936,1.86472219057385
"638",2017,30,75496.7540581998,81.871,0.807673181884948,2.19512328722102
"639",2017,31,13864.6817579973,60.105,0.0124800985844923,35.6216728175316
"640",2017,31,21490.429863104,64.652,-0.243889410358812,10.567606128883
"641",2017,33,17538.048584386,53.751,0.155178995687406,27.932612312812
"642",2017,34,23514.0254604147,54.273,0.0651590392490152,9.1369096389431
"643",2017,35,28170.1678643302,80.08,0.234587922968563,24.529740774323
"644",2017,NA,83352.0886533412,73.761,0.933155888738653,10.0765157835947
"645",2017,NA,53791.5087298403,87.146,1.34744505956262,6.27312362868792
"646",2017,36,10589.667724687,74.644,1.60131223365858,25.9839143484532
"647",2017,NA,59914.777796976,82.058,0.63264399508256,17.2438567377468
"648",2017,NA,40857.7555829627,83.143,0.679374473924223,25.1431380977969
"649",NA,NA,NA,NA,NA,NA
"650",NA,NA,NA,NA,NA,NA
"651",NA,NA,NA,NA,NA,NA
"652",NA,NA,NA,NA,NA,NA
"653",NA,NA,NA,NA,NA,NA
