"","year","country_code","GDP_per_capita","pct_urban_popl","pct_pop_growth","pct_agri_val_add"
"1",2000,1,21697.7084797731,84.235,1.19227232344832,3.11490323731114
"2",2000,2,24625.6007227434,60.213,0.240466652446524,1.64730021298979
"3",2000,3,23098.8865077401,97.129,0.242517956221334,1.17600527973714
"4",2000,4,24271.0020563821,79.478,0.931281553452429,2.09165300710719
"5",2000,5,5100.25413288222,86.073,1.17718527887184,5.08296243051118
"6",2000,6,6029.03819275358,73.988,-0.280414108078884,3.25052833080989
"7",2000,7,30743.5476816354,85.1,0.334233618829261,2.151853225624
"8",2000,8,4070.60902410208,69.368,0.483707161729931,3.88500958820541
"9",2000,9,24345.9148217032,82.183,0.2076065154133,2.95363597719177
"10",2000,10,22419.6948211313,75.871,0.684945783642239,2.0983575513075
"11",2000,NA,12072.9293569196,72.716,0.409041838238246,5.43524818135254
"12",2000,NA,23694.7604830673,74.965,0.135431600393084,0.994789221891906
"13",2000,11,4624.28165670295,64.575,-0.259764908288633,4.93445987752074
"14",2000,12,32096.3722613695,92.401,1.36919283329812,7.00385857422343
"15",2000,13,26334.5672050501,59.155,1.33304266586712,2.50492903890048
"16",2000,14,21061.4822833993,91.203,2.64233191305756,1.33047150849241
"17",2000,15,20137.5912217673,67.222,0.045303631138613,2.56361411951499
"18",2000,16,39169.3595701504,78.649,0.167275578113187,1.5178803390325
"19",2000,17,12256.9935679503,79.621,0.836180864297766,3.8577920379894
"20",2000,18,3361.64086880275,68.067,-0.963935407092365,4.4653191603977
"21",2000,NA,48659.5988753233,84.216,1.34408299573143,0.596866957478124
"22",2000,NA,3293.22997867086,66.986,-0.703385440488978,5.58605077769058
"23",2000,19,7157.81449985734,74.722,1.4410967038977,3.32308631189687
"24",2000,20,26214.498549887,76.795,0.714770362784392,2.29863696801156
"25",2000,21,13641.1027183822,86.021,0.587564086381346,7.75290180992832
"26",2000,22,38131.4606116242,76.02,0.649044821192665,1.82301531961815
"27",2000,23,4501.45406742273,61.716,-1.04433539837844,3.12672432106006
"28",2000,24,11526.3720667968,54.399,0.702859953319024,3.10974828415915
"29",2000,25,5426.62428119306,56.233,-0.135376487794425,1.71030559393339
"30",2000,26,10201.3035366727,50.754,0.29607496005045,3.08556322926251
"31",2000,27,14749.6874248766,76.262,0.447137014535835,3.74530563354845
"32",2000,28,29624.9126748618,84.026,0.160575484575313,1.94285989541354
"33",2000,29,38952.0342005572,73.383,0.561954617400164,1.05153529982011
"34",2000,30,4337.47800296354,64.741,1.51810979845438,10.0328526543258
"35",2000,31,28223.0675706515,78.651,0.357300887421605,0.850705507510241
"36",2000,31,36329.9560727102,79.057,1.11276899679534,1.15055536360653
"37",2001,33,19527.3235767954,84.1,1.34835834227145,3.50219780997615
"38",2001,34,24558.7636778868,59.934,0.382799394483217,1.67070339573168
"39",2001,35,23015.0712632462,97.186,0.343951157623668,1.10935029767163
"40",2001,36,23822.0601178964,79.81,1.08635096562717,2.11789067175753
"41",2001,1,4609.21396034224,86.363,1.12619894374837,4.06242026416145
"42",2001,2,6637.04165713981,73.877,-0.375719704335905,3.20352708630753
"43",2001,3,30751.654348268,85.15,0.358315678955486,2.33950941505079
"44",2001,4,4505.85833233188,69.242,-0.63696312445507,3.49396864407665
"45",2001,5,24967.7925153182,82.368,0.227687341886374,2.76433332411428
"46",2001,6,22452.9823753273,76.127,0.727789664461319,2.10700819139254
"47",2001,NA,12549.036894906,72.913,0.51988446396193,5.20270209625701
"48",2001,NA,23628.3272122367,75.17,0.168225361337335,1.08343229583805
"49",2001,7,5276.03318905496,64.67,-0.229379183308447,4.91438887698312
"50",2001,8,28897.4439396908,92.532,1.32929525456819,7.48486716532358
"51",2001,9,28282.409882073,59.399,1.59215149039299,1.99385983232223
"52",2001,10,20316.2480483237,91.267,2.35711729946802,1.53744213546385
"53",2001,11,20500.9543995672,67.282,0.0561676014374784,2.48963145584114
"54",2001,12,34406.1824638092,79.99,0.240952587521069,1.36750619152798
"55",2001,13,11561.2483689073,79.94,0.767241774760276,3.56581902129398
"56",2001,14,3578.00190041351,67.95,-1.29148694354873,4.41345812396173
"57",2001,NA,48440.1420151355,84.843,1.19045634528707,0.560287361469729
"58",2001,NA,3525.79363185461,66.919,-0.824008723044179,4.87429863580582
"59",2001,15,7544.56872335784,75.045,1.40395986845276,3.40326534775438
"60",2001,16,26896.5481111196,77.83,0.754840057734904,2.22461562086905
"61",2001,17,13882.8568268586,86.1,0.589286034969052,7.98138479706632
"62",2001,18,38542.715099709,76.378,0.506046910557235,1.58869172655478
"63",2001,19,4991.24435799511,61.761,-0.0275871247282958,3.25341501737577
"64",2001,20,11734.7649743954,55.044,0.705230637323876,2.96074957358316
"65",2001,21,5722.1681828083,56.163,-0.18301227099618,2.12021767859932
"66",2001,22,10479.7596309273,50.78,0.157498742047657,2.78807125237532
"67",2001,23,15369.0011599444,76.343,0.694068084334464,3.67764014761916
"68",2001,24,27247.857734793,84.071,0.268470527954234,1.94493737546086
"69",2001,25,39727.8466713883,73.375,0.632771238018431,0.91885973243129
"70",2001,26,3142.92099774582,65.34,1.49422662100438,8.78803796915921
"71",2001,27,27806.4488245133,78.751,0.384975969564228,0.782120850455726
"72",2001,28,37133.623113437,79.234,0.989741382223669,1.1292569744094
"73",2002,29,20117.7888912664,84.222,1.22056378534358,3.94915687175001
"74",2002,30,26527.5930910347,59.655,0.49198046425522,1.56277441149196
"75",2002,31,25006.191397109,97.241,0.448268894821562,1.03313414275776
"76",2002,31,24255.3385818322,79.888,1.08744792718674,1.98762322116267
"77",2002,33,4481.83125502139,86.606,1.0788448744697,4.06503324753284
"78",2002,34,8060.86870292424,73.809,-0.192901617564167,2.65958672335973
"79",2002,35,33228.6935448819,85.25,0.319487125340996,1.7811164321679
"80",2002,36,5341.62894677002,69.116,-0.633433796423808,3.55352070544501
"81",2002,1,26997.7529897788,82.503,0.242381050233372,2.67230580660803
"82",2002,2,24292.5802304835,76.38,0.727226637519812,2.01085885192927
"83",2002,NA,14177.5721592705,73.303,0.366566462148184,4.98711360482813
"84",2002,NA,25197.2656001848,75.374,0.168128319406931,0.900496788164431
"85",2002,3,6655.33300865319,65.081,-0.28475137719698,4.26079504256631
"86",2002,4,32409.2161491753,92.662,0.892596377462957,7.51299343302451
"87",2002,5,32705.4345565698,59.649,1.68514885730282,1.7353084894094
"88",2002,6,18439.6461555058,91.33,2.01405839404727,1.58875723097915
"89",2002,7,22376.2978989329,67.382,0.148916429490753,2.37138225861722
"90",2002,8,32820.7936433254,81.647,0.232527187105684,1.37649059914159
"91",2002,9,13165.0657360554,80.299,0.577957276814842,3.20680203781807
"92",2002,10,4136.93329688951,67.85,-1.1618382239436,4.49884105674688
"93",2002,NA,53005.7339209179,85.299,1.04766081596443,0.690661512047414
"94",2002,NA,4141.59270180102,66.828,-0.802765710748508,4.77513123922724
"95",2002,11,7593.1373448964,75.365,1.37302085830616,3.27828185504542
"96",2002,12,29343.2449960602,79.113,0.638291666268526,2.07767536621722
"97",2002,13,16874.1874918196,86.161,1.73717486434422,5.85289352793662
"98",2002,14,43084.4724650717,76.733,0.539290805050494,1.52073059641543
"99",2002,15,5207.17142069402,61.787,-0.0463189372499392,2.7257594673325
"100",2002,16,12936.6928204482,55.666,0.547667939660689,2.72289086156617
"101",2002,17,6564.69631373665,56.013,-0.0363525509687338,2.04289904767007
"102",2002,18,11777.1556578814,50.857,0.123915442323272,2.97920281086595
"103",2002,19,17106.686576658,76.533,1.41259540475782,3.48901743975068
"104",2002,20,29899.1952495081,84.133,0.325438067703728,1.89967733195399
"105",2002,21,42578.7631355696,73.401,0.756469145838096,0.931026266283462
"106",2002,22,3687.95609325031,65.974,1.47386568720214,10.1907585574088
"107",2002,23,30049.8963232066,79.047,0.423337079636281,0.916379912898543
"108",2002,24,37997.7596573051,79.409,0.927797485710314,0.973711859673977
"109",2003,25,23492.4051742272,84.343,1.23399666342628,2.88893596341479
"110",2003,26,32294.0488606559,59.375,0.487133894826838,1.49193189790189
"111",2003,27,30655.2092679024,97.296,0.418641508069053,1.0294445025288
"112",2003,28,28300.4630963791,79.967,0.901372739095955,2.05309139249344
"113",2003,29,4827.08337797237,86.665,1.04799383160613,4.09477533093825
"114",2003,30,9818.56849307488,73.74,-0.028620590719166,2.44002731408219
"115",2003,31,40458.7773986609,85.36,0.272010444031566,1.61078580311509
"116",2003,31,7203.52303786646,68.989,-0.627622448059203,3.46019281311318
"117",2003,33,32927.6802919408,82.638,0.238457240068217,2.53576629829521
"118",2003,34,29633.6789794897,76.632,0.708771177676303,1.85016428870167
"119",2003,NA,18518.3788387396,73.689,0.238643175320258,4.99978360011743
"120",2003,NA,30310.3575963774,75.577,0.0553633035873241,0.832259435604571
"121",2003,35,8421.10331316153,65.489,-0.286433268128688,3.9010994725515
"122",2003,36,39476.6978486684,92.789,0.692497620476186,6.44335958776617
"123",2003,1,41203.5295847568,59.925,1.62895096193019,1.48000381983801
"124",2003,2,18991.3798529841,91.393,1.80551975888109,1.49298681092598
"125",2003,3,27526.3224609957,67.501,0.444507312655549,2.357959442263
"126",2003,4,35387.0374203599,83.196,0.213980948779682,1.29902822421038
"127",2003,5,14672.8574703505,80.652,0.518321452985646,2.96459727836726
"128",2003,6,5145.19523190241,67.8,-0.966400801237561,3.93534419308901
"129",2003,NA,65689.3214536911,85.743,1.21520087964639,0.46423787561405
"130",2003,NA,5499.42898911387,66.737,-0.812278097406687,4.42285391540034
"131",2003,7,7075.36964299974,75.682,1.36378023068234,3.38748649595129
"132",2003,8,35750.9746630269,80.341,0.471814398788212,2.05982722645814
"133",2003,9,21913.7081719961,86.221,1.97355854434158,5.72933246598663
"134",2003,10,50134.8907734947,77.084,0.586532691986894,1.30803942817787
"135",2003,11,5701.6022116161,61.676,-0.067492701646486,2.60980319942584
"136",2003,12,15797.7821340276,56.287,0.375411414855816,2.65118079570935
"137",2003,13,8731.93736824381,55.863,-0.0658215070322074,1.81038352971388
"138",2003,14,14849.0372415032,51.082,0.0602967792572922,2.25206975614957
"139",2003,15,21510.8362454011,76.778,1.80845446818345,3.4311562499221
"140",2003,16,37321.7979047059,84.196,0.372092942799084,1.85862963191743
"141",2003,17,49470.3971259674,73.427,0.74191960337232,0.834713711309976
"142",2003,18,4760.1040190451,66.602,1.43873664511403,9.79514977798378
"143",2003,19,34487.4675722539,79.339,0.465641113602993,0.873354127479226
"144",2003,20,39490.2749557007,79.583,0.859481712840946,1.12104760396265
"145",2004,21,30513.9417409748,84.463,1.15935216218033,3.06360356499632
"146",2004,22,36889.2335135194,59.094,0.620413127334181,1.47647439267771
"147",2004,23,35429.4077933344,97.35,0.432788248129175,1.02291054131515
"148",2004,24,32143.6814078562,80.045,0.933020777495183,2.16781311109181
"149",2004,25,6186.66271596597,86.725,1.03766797310084,3.75826582540335
"150",2004,26,11749.8526643577,73.671,0.0304348483027166,2.41539461296366
"151",2004,27,46511.5983324305,85.566,0.258432282052875,1.6225264974926
"152",2004,28,8914.10355674451,68.862,-0.597820510395586,3.61949868570147
"153",2004,29,37772.1781110398,82.772,0.290350361518584,2.37972259665655
"154",2004,30,33803.3095951203,76.883,0.736332748710216,1.82269094417374
"155",2004,NA,21995.477943746,74.073,0.247413542822812,4.27540756814993
"156",2004,NA,34106.6581224001,75.779,-0.021709727650009,0.951063416014002
"157",2004,31,10303.704193626,65.896,-0.221439378654807,4.35156332771767
"158",2004,31,47334.9306537723,92.914,0.8779361576874,5.31664247319305
"159",2004,33,47754.2023194244,60.202,1.82831381790901,1.57408727204836
"160",2004,34,19910.6106710093,91.456,1.76762364154994,1.41613118605963
"161",2004,35,31317.2007943296,67.62,0.647182705470772,2.34703257342223
"162",2004,36,38298.9801712303,84.64,0.0336622582725446,1.23095748420526
"163",2004,1,16496.1200942502,81.002,0.396331436697806,2.95801854433406
"164",2004,2,6378.66652057115,67.9,-1.09131295557421,4.19690569909693
"165",2004,NA,76544.9170868473,86.177,1.42133256471314,0.535432004959881
"166",2004,NA,6700.32719189382,66.646,-1.12299127483243,4.1728968841311
"167",2004,3,7484.486398707,75.997,1.38146893230283,3.33919043587465
"168",2004,4,40436.6182310407,81.514,0.347475412048658,1.86628779147758
"169",2004,5,25420.234882944,86.281,1.48621908244575,5.36558854547454
"170",2004,6,57603.836021826,77.399,0.590930939690253,1.3864679027717
"171",2004,7,6681.38647195042,61.564,-0.0585127351273288,3.29260490134403
"172",2004,8,18064.1580932987,56.907,0.239128989611917,2.60214117997755
"173",2004,9,10691.4465495259,55.713,-0.0203617202597358,1.66748149791647
"174",2004,10,17233.1385611279,51.308,0.0640662022616923,2.42963083827174
"175",2004,11,24907.0008505856,77.022,1.7254663034483,3.12832703269699
"176",2004,12,42821.6731423358,84.258,0.393298991357658,1.82775456382142
"177",2004,13,54878.4710009787,73.452,0.687425960233006,0.931268101342743
"178",2004,14,6101.63211660696,67.225,1.3847339240455,9.32742275784367
"179",2004,15,40371.7108259838,79.629,0.568943113421317,0.760132900411628
"180",2004,16,41724.6316287624,79.757,0.925483968943482,1.26548363027696
"181",2005,17,34080.9998953245,84.582,1.31978955436191,2.88798590508864
"182",2005,18,38417.4577857677,58.813,0.681267248299787,1.25939963482441
"183",2005,19,36809.7013403619,97.403,0.550055708089009,0.840639973990251
"184",2005,20,36382.5079164537,80.122,0.944466927450734,1.88031145780062
"185",2005,21,7558.37175410092,86.783,1.04195390189779,3.92221193789503
"186",2005,22,13430.6698955613,73.602,0.138325980046718,2.28463529199072
"187",2005,23,48799.8256011275,85.856,0.275481733409308,1.1456435911337
"188",2005,24,10412.6443137966,68.735,-0.572255524659659,3.28731485717963
"189",2005,25,39054.8504423825,82.905,0.342248594286999,2.27826118637172
"190",2005,26,34773.1501479027,77.13,0.753799176960609,1.68010170422531
"191",2005,NA,22560.1472939077,74.452,0.293249074052818,4.28422352376638
"192",2005,NA,34520.2396492496,75.98,-0.0567782618352031,0.726955700932129
"193",2005,27,11225.9325815328,66.365,-0.198878843237103,3.72054665681065
"194",2005,28,56794.8501588953,93.037,1.58289197780465,4.75180694830263
"195",2005,29,50933.0216095589,60.477,2.17870301355631,1.03354966551094
"196",2005,30,20585.1386127162,91.518,1.76289766113006,1.65223708589073
"197",2005,31,32055.0920757503,67.738,0.491389107503214,2.03359548344901
"198",2005,31,37812.8950199948,85.978,0.00939209655766336,1.11162940578642
"199",2005,33,19402.5026259549,81.345,0.211997784117548,2.61997573131402
"200",2005,34,7594.90238431362,68,-1.08057145691172,3.72327312864324
"201",2005,NA,80988.1376230858,86.598,1.53005466340868,0.35650094088746
"202",2005,NA,7854.76527867855,66.635,-1.62840112593427,4.32851922287799
"203",2005,35,8277.67156384567,76.308,1.4158169793862,3.07320418494207
"204",2005,36,41994.7135305232,82.63,0.23366314793854,1.85792627472621
"205",2005,1,27751.0654708859,86.341,1.12877350967992,4.51769702400314
"206",2005,2,66810.478520868,77.675,0.681072964187373,1.40342625353834
"207",2005,3,8021.50574346795,61.452,-0.043948953332248,2.91894238438008
"208",2005,4,18780.12751241,57.522,0.185532266654625,2.30349335448735
"209",2005,5,11690.1134689407,55.563,0.00980913417308711,1.61878627564451
"210",2005,6,18098.9085440003,51.533,0.173208905073743,2.42520298872385
"211",2005,7,26429.1509449319,77.263,1.68934904712031,2.7690522635835
"212",2005,8,43437.0631164776,84.319,0.399942762807279,1.25376780270787
"213",2005,9,56546.7856553987,73.478,0.640601540243491,0.814219929475234
"214",2005,10,7456.2961006749,67.84,1.32312648689277,9.16534055228687
"215",2005,11,42132.0907219815,79.915,0.68661130607346,0.545491177832267
"216",2005,12,44123.4070679055,79.928,0.921713167161207,1.1505065593333
"217",2006,13,36117.487983674,84.7,1.47522794532757,2.73357531178764
"218",2006,14,40669.3269586152,58.532,0.494797775098466,1.30318945861739
"219",2006,15,38705.1067959147,97.454,0.659558214980699,0.907269380581052
"220",2006,16,40504.0607253203,80.213,1.01033450270045,1.70101845949482
"221",2006,17,9406.58448549129,86.842,1.05599431314121,3.71204514365714
"222",2006,18,15261.7975911138,73.533,0.270795629232185,2.164955431803
"223",2006,19,52026.9995142723,86.098,0.328645158919929,1.16518989859219
"224",2006,20,12639.4000677296,68.607,-0.589655559840225,3.14433783651327
"225",2006,21,41222.6020004611,83.037,0.383777136305104,2.00119146081193
"226",2006,22,36474.1595859967,77.377,0.697191228293622,1.51849064281003
"227",2006,NA,24821.9367451879,74.827,0.30033180096664,3.2012383202897
"228",2006,NA,36353.8803343631,76.179,-0.112797497644931,0.737585322085632
"229",2006,23,11493.1004118789,66.895,-0.155716484651578,3.53452230285918
"230",2006,24,57492.9342498703,93.159,2.34742243028387,4.77842936896308
"231",2006,25,54329.1618599624,60.738,2.69600564359576,0.921152718855531
"232",2006,26,21853.140239801,91.58,1.76780587358185,1.5900086165149
"233",2006,27,33529.7266014361,67.856,0.30055968851778,1.94583994660095
"234",2006,28,35991.546002862,87.118,0.0633735894181335,1.08249674589504
"235",2006,29,21743.4774514254,81.528,0.525199940498775,2.49747041944548
"236",2006,30,9723.44690174779,67.967,-0.91727295748817,3.25596909159017
"237",2006,NA,90788.8004876145,87.009,1.59505191774492,0.311756721900439
"238",2006,NA,9230.70798102521,66.706,-1.59637831830094,3.86424460586287
"239",2006,31,9068.29421839425,76.616,1.4562132376675,3.0758258597569
"240",2006,31,44900.9381441374,83.636,0.160613668857538,1.94595463830049
"241",2006,33,26654.5932018985,86.4,1.21898486028427,4.98360503244111
"242",2006,34,74148.3200757187,77.95,0.805392739160981,1.40444710752117
"243",2006,35,9035.41046744936,61.341,-0.0633705742926632,2.69199228374715
"244",2006,36,19839.4540499032,58.137,0.18033244147767,2.25313751520814
"245",2006,1,13170.7849804675,55.412,0.00459711883568263,1.84829606419639
"246",2006,2,19672.9655554146,51.758,0.31911453657107,2.11914767621997
"247",2006,3,28389.0785799873,77.502,1.69035255626114,2.41168014679879
"248",2006,4,46593.6021646111,84.43,0.562483906481893,1.36222045393681
"249",2006,5,59300.6172165015,73.504,0.627558473346134,0.749619505794769
"250",2006,6,8101.85692374776,68.45,1.24887663592494,8.09488128822859
"251",2006,7,44654.0969208924,80.199,0.73504867842129,0.596320769921488
"252",2006,8,46302.0008800056,80.099,0.964253917136075,1.00948718664602
"253",2007,9,41001.1429790999,84.822,0.624678435014185,2.2080882021692
"254",2007,10,46915.3374004507,58.249,0.324146535285463,1.41639156023265
"255",2007,11,44319.165448813,97.505,0.734330830765919,0.887523940039387
"256",2007,12,44659.8951408034,80.396,0.971135141368055,1.58716073171659
"257",2007,13,10439.428464249,86.9,1.06855546195518,3.55057108879902
"258",2007,14,18466.5479299216,73.463,0.583542205385113,2.08890557484545
"259",2007,15,58487.0549677696,86.293,0.443466054321374,1.17441557607089
"260",2007,16,16744.5844516343,68.479,-0.456188535090031,3.92554044689292
"261",2007,17,48476.3927287052,83.168,0.425429832100631,2.38036691755046
"262",2007,18,41561.2005095485,77.621,0.618708359125178,1.6129929533935
"263",2007,NA,28863.9732885018,75.199,0.254757581935775,3.0373477565076
"264",2007,NA,41640.0808695147,76.378,-0.133718572600486,0.77886019483507
"265",2007,19,13944.9710132004,67.421,-0.154915158060948,3.48554168140164
"266",2007,20,69495.7267376825,93.278,2.53008548940662,4.15953186288136
"267",2007,21,61396.417461176,60.94,2.89096000464164,1.04322286551282
"268",2007,22,24952.5475909074,91.641,1.7761008691798,1.52387492857359
"269",2007,23,37870.7475070969,67.974,0.504933687397673,1.89628717350167
"270",2007,24,35779.0245416427,88.146,0.114908847726211,1.05336413232639
"271",2007,25,24086.4104391677,81.631,0.505234032920336,2.28340908477707
"272",2007,26,14113.5291277327,67.9,-0.816175506582982,3.28393404533049
"273",2007,NA,107475.320297978,87.409,1.54438684650549,0.363222868939437
"274",2007,NA,12285.4470537014,66.777,-1.187947957259,3.47541066785232
"275",2007,27,9642.68051672231,76.92,1.48606353186843,3.18171470291719
"276",2007,28,51799.2085521047,84.539,0.217521601194242,1.81711000209958
"277",2007,29,32479.9817381467,86.34,0.932407687512324,6.06836553759783
"278",2007,30,85139.9604469545,78.234,1.03473451527827,1.23986617155418
"279",2007,31,11254.5173881254,61.229,-0.0543050208038707,3.0455373774324
"280",2007,31,22811.0564844365,58.749,0.196304384487306,1.99815593954667
"281",2007,33,16106.0604446695,55.261,0.0291784011934372,2.29599752717367
"282",2007,34,23817.8867320201,51.983,0.559207815536831,2.04807019872806
"283",2007,35,32591.3503065871,77.74,1.85108130845179,2.50795182694444
"284",2007,36,53700.0053363063,84.588,0.741552514625445,1.57842204779238
"285",2007,1,65359.5192218269,73.53,0.893690977823134,0.768781407691157
"286",2007,2,9791.88245001167,69.053,1.19280433140776,7.45702743708227
"287",2007,3,50653.2569148306,80.479,0.778666112441256,0.56252294730333
"288",2007,4,48050.2237771135,80.269,0.951055242772428,1.07512397740734
"289",2008,5,49654.9105957389,84.943,2.00402174031569,2.34375861738351
"290",2008,6,51919.9835754226,57.966,0.313041437661508,1.34222302680426
"291",2008,7,48303.397956286,97.555,0.789976845480149,0.712338067185966
"292",2008,8,46710.5055759013,80.578,1.08290711607014,1.76827354801333
"293",2008,9,10752.9723000388,86.959,1.07138371997089,3.42443226132978
"294",2008,10,22804.5776774507,73.394,0.829412602993033,1.91992797178235
"295",2008,11,64322.0635020842,86.487,0.587547590258978,0.85779095709926
"296",2008,12,18204.9664786762,68.351,-0.268133719541207,3.40143713491535
"297",2008,13,53772.7942390019,83.299,0.465549284507694,2.20523511697938
"298",2008,14,45519.2968812949,77.868,0.558843467315968,1.51522299962858
"299",2008,NA,32127.9831943287,75.568,0.265457836726293,2.80724990773394
"300",2008,NA,45612.7106221441,76.575,-0.190142844695674,0.83833040773771
"301",2008,15,15777.1920232033,67.943,-0.17509736747488,3.45190448840179
"302",2008,16,56943.3704468563,93.395,1.85957217059918,4.79686206018628
"303",2008,17,61353.1065629523,61.141,2.03870801117202,0.850028643552735
"304",2008,18,29650.7702509045,91.702,1.7765791059698,1.56765583316777
"305",2008,19,40944.9124194678,68.092,0.662469252941527,1.87462363361677
"306",2008,20,39876.3039685725,89.103,0.0484253945978966,1.05410176653648
"307",2008,21,21350.427979823,81.733,0.759316681850927,2.14224974257429
"308",2008,22,16467.1436879405,67.834,-1.0509395443743,2.95481771397635
"309",2008,NA,120422.137934157,87.8,1.78749663225793,0.307778948525776
"310",2008,NA,14944.996652175,66.848,-1.02848317546539,3.28389712121534
"311",2008,23,10016.5712139986,77.222,1.49536909755127,3.16037871706611
"312",2008,24,57879.9437553916,85.402,0.389292461499527,1.63504831597131
"313",2008,25,31252.9625640673,86.28,0.848701402422591,5.01251280318469
"314",2008,26,96944.0956064873,78.526,1.24633301535167,1.12800095125216
"315",2008,27,13996.0251506835,61.116,0.0136373796827091,2.5926222666815
"316",2008,28,24949.0413566739,59.359,0.144191279853498,1.96377185231981
"317",2008,29,18753.5849413816,55.111,0.0857552995195914,2.5332008641309
"318",2008,30,27595.5999653992,52.209,0.158140843634363,1.8279136220512
"319",2008,31,35510.7222312701,77.976,1.59533049906372,2.36845686639791
"320",2008,31,56152.552340314,84.746,0.779033290770134,1.56746876623744
"321",2008,33,74572.232372807,73.556,1.27061807385776,0.779362225145672
"322",2008,34,10941.172146426,69.651,1.19537882664634,7.42466846883692
"323",2008,35,47549.3486286006,80.757,0.787032622318939,0.676340045235283
"324",2008,36,48570.0459804586,80.438,0.945865287282592,1.05300059714298
"325",2009,1,42783.3225651148,85.063,2.0610451296841,2.3021607847244
"326",2009,2,48153.3240199631,57.683,0.261953189906348,1.14681776764538
"327",2009,3,44760.2912443709,97.603,0.804599572619861,0.645274318792124
"328",2009,4,40876.3101540295,80.758,1.14175809912162,1.5498932753953
"329",2009,5,10151.058524965,87.017,1.05928641203431,3.69712695588486
"330",2009,6,19861.6974295256,73.324,0.569729451418061,1.75678751340306
"331",2009,7,58163.2768762815,86.654,0.535079062079429,0.833588855644673
"332",2009,8,14711.7352728223,68.223,-0.192768077420229,2.47116868442475
"333",2009,9,47481.4845364339,83.429,0.478246393482911,2.25368231662696
"334",2009,10,41740.2430343475,78.117,0.51448954376938,1.32316199671353
"335",2009,NA,29828.7560245271,75.932,0.263026401346927,2.80495420572755
"336",2009,NA,41650.3678297162,76.771,-0.253383410163402,0.695334317361279
"337",2009,11,13081.7926445778,68.46,-0.154908813950621,3.05539686653643
"338",2009,12,41301.273219718,93.511,0.341241978970882,5.64274601892759
"339",2009,13,52133.0906162544,61.342,1.01566327592341,0.558323857001811
"340",2009,14,27780.4637181529,91.763,2.39020733801215,1.85239806001822
"341",2009,15,37226.7571935402,68.209,0.455613449577732,1.80273854103193
"342",2009,16,41308.9968370512,89.989,-0.0124946312294096,1.08231650645818
"343",2009,17,19143.8516053025,81.835,0.514682827535803,2.24055681194729
"344",2009,18,12331.9285524089,67.814,-1.65102496759116,3.20982496428423
"345",2009,NA,109419.746953106,88.178,1.85177523043645,0.233334868942186
"346",2009,NA,11820.7761591359,66.842,-1.11034575437238,2.53647105450177
"347",2009,19,8002.97217765844,77.52,1.47675580253545,3.24149414069732
"348",2009,20,52722.2130568997,86.288,0.514284544827762,1.55319264710119
"349",2009,21,28209.3623271229,86.22,0.999728031208421,5.7506934901985
"350",2009,22,79977.6970817492,78.815,1.2611272893768,1.30031900599593
"351",2009,23,11526.0558884824,61.004,0.067763227021235,2.55891838705563
"352",2009,24,23151.2154130712,59.964,0.0953308592370666,1.95062621184125
"353",2009,25,16597.2084581361,54.96,0.133257321027673,2.08513328365435
"354",2009,26,24792.1279805504,52.433,0.903875535210913,1.81591318608916
"355",2009,27,32169.5028548583,78.21,0.88573598057307,2.26545206640089
"356",2009,28,46946.9602719954,84.902,0.851904412936677,1.43668364975471
"357",2009,29,72083.167695454,73.581,1.24948463127384,0.717347053469042
"358",2009,30,9103.47405061243,70.241,1.27389035427646,8.07198879989725
"359",2009,31,38952.2110262455,81.031,0.756390859593407,0.68080815865187
"360",2009,31,47194.9433547336,80.606,0.876651298802912,0.960285892029002
"361",2010,33,52087.9722888891,85.182,1.55548958906995,2.20622661871056
"362",2010,34,46903.7615854343,57.399,0.240394299500766,1.26732767225745
"363",2010,35,44184.946353964,97.651,0.913639391631709,0.765104156770348
"364",2010,36,47562.0834253057,80.937,1.11186407517168,1.49323608111661
"365",2010,1,12724.10406267,87.074,1.03891170046699,3.47828463189786
"366",2010,2,19960.0684872157,73.255,0.29136167418042,1.54059611257066
"367",2010,3,58041.3984363385,86.795,0.444197154509531,1.20190857029029
"368",2010,4,14663.0446126465,68.094,-0.22805796852935,3.17107206970876
"369",2010,5,46505.3031791811,83.77,0.457494535465831,2.41890476924467
"370",2010,6,40677.9851405443,78.369,0.494040602950225,1.60402828863388
"371",2010,NA,26716.6488260274,76.292,0.128880432668041,2.9883328440953
"372",2010,NA,41572.4559481507,76.966,-0.153198446937304,0.803696771174544
"373",2010,7,13223.0830027699,68.911,-0.226013875689698,3.03288835497418
"374",2010,8,43237.0729488958,93.574,-0.143903000294037,6.29259972613893
"375",2010,9,48655.3661626634,61.542,0.544884384079014,0.95470225301197
"376",2010,10,30780.0238155167,91.826,1.82675240987847,1.57320059548492
"377",2010,11,36035.6449950691,68.327,0.30759122234095,1.77551453832278
"378",2010,12,44968.1562349739,90.812,0.0179605415195644,1.10828108130349
"379",2010,13,23087.2256438476,81.936,0.49822508440111,2.1440163216522
"380",2010,14,11420.9940032836,67.841,-2.08130508988111,4.05728002795226
"381",2010,NA,110885.991378721,88.547,1.8254058035237,0.268412058048641
"382",2010,NA,11987.508411647,66.757,-2.09694341985475,3.02379271503829
"383",2010,15,9271.39839576997,77.815,1.43814066910139,3.21915447615495
"384",2010,16,50999.7451168879,87.134,0.512923100553586,1.77850926254758
"385",2010,17,33676.7741239925,86.16,1.1117260560215,6.587915924895
"386",2010,18,87693.7900658099,79.102,1.24566617956207,1.56860233094692
"387",2010,19,12613.0109954681,60.892,-0.285609121534849,2.85773725432735
"388",2010,20,22520.6423124045,60.567,0.0459100367184907,1.93708196098854
"389",2010,21,16841.7677398734,54.685,0.0931912731899838,1.56976102880119
"390",2010,22,23532.4808545468,52.658,0.43607948463593,1.89386405075428
"391",2010,23,30532.4805081656,78.442,0.460408305051304,2.43113463203907
"392",2010,24,52869.0442891587,85.056,0.852524628765313,1.64940993362121
"393",2010,25,77117.126014204,73.607,1.0415580576588,0.657905123906996
"394",2010,26,10742.7749787626,70.825,1.40008860606542,8.9669281343332
"395",2010,27,39688.6149684498,81.302,0.783888646646516,0.602160408635432
"396",2010,28,48650.6431283336,80.772,0.829616674709795,1.02943733820679
"397",2011,29,62574.1457032412,85.3,1.38952731561803,2.29247802028073
"398",2011,30,51442.2762464407,57.115,0.337080841831645,1.40191493427276
"399",2011,31,47410.5669277464,97.698,1.3010029017038,0.648034219951815
"400",2011,31,52223.696112356,81.096,0.978697786570341,1.76566446625627
"401",2011,33,14577.6326608147,87.132,0.997514840169031,3.62618323583881
"402",2011,34,21871.2660754128,73.185,0.206747667335417,1.98251099186352
"403",2011,35,61753.647131977,86.957,0.411737855195019,1.31213398990708
"404",2011,36,17487.8047830922,67.965,-0.303582823643979,3.67986795909351
"405",2011,1,51148.9316365833,84.313,0.463558707499131,2.32123556803604
"406",2011,2,43848.106054888,78.622,0.483675544447657,1.6502871934041
"407",2011,NA,25483.8825644931,76.649,-0.147951277402184,3.11375165365917
"408",2011,NA,46705.8957963353,77.16,-1.8537146287573,0.910022423855418
"409",2011,3,14240.2575010219,69.358,-0.283360435946948,3.9936143865376
"410",2011,4,47714.5922308485,93.587,0.305468368224399,6.60055103298728
"411",2011,5,52177.1126832014,61.742,0.436072439258428,1.20568584155705
"412",2011,6,33775.5120004457,91.892,1.84807786159597,1.60036139911642
"413",2011,7,38649.6394836789,68.444,0.171978290995717,1.88342627816685
"414",2011,8,48760.0789494211,91.069,-0.185226486410846,1.08027176258707
"415",2011,9,25096.2638838239,81.923,0.768971758582589,2.20919995518876
"416",2011,10,13338.9622350852,67.869,-1.82076700208005,3.68792198277258
"417",2011,NA,119025.057203467,88.906,2.22266050326725,0.25111528958498
"418",2011,NA,14376.9478643932,66.741,-2.25846389882827,3.49019426022174
"419",2011,11,10203.4212952716,78.111,1.39478996981758,3.08846155393052
"420",2011,12,54230.3129029852,87.879,0.466428782200821,1.57897407431895
"421",2011,13,38387.6270784076,86.1,0.762479795105218,6.28423893909166
"422",2011,14,100600.562407589,79.455,1.297189390693,1.34465673332777
"423",2011,15,13879.5609852546,60.78,0.0537697088781007,3.08506431236907
"424",2011,16,23217.2954965207,61.167,-0.147084878575482,1.83401602752623
"425",2011,17,18430.1298033985,54.42,0.128936462723796,1.885069615658
"426",2011,18,25128.0150431304,52.883,0.207732702329724,2.14260566834084
"427",2011,19,31677.9003083652,78.673,0.355338396471428,2.37327299407857
"428",2011,20,60755.7595508465,85.297,0.755150133665177,1.67048248278859
"429",2011,21,91254.0347609687,73.631,1.11187894263206,0.670935894205478
"430",2011,22,11420.5554558378,71.402,1.53156607830159,8.17395626522538
"431",2011,23,42284.8844902996,81.57,0.781506562236639,0.690202927926714
"432",2011,24,50065.9665041742,80.944,0.726786704810745,1.20055910284662
"433",2012,25,68027.8417067378,85.402,1.74582000067359,2.26809636459164
"434",2012,26,48564.9173350875,57.147,0.45593747231891,1.3485513899381
"435",2012,27,44670.5606845101,97.744,0.620163579337378,0.781226734946645
"436",2012,28,52669.0899632316,81.137,1.08581726304756,1.81134574390941
"437",2012,29,15354.6184041413,87.189,0.96307999965156,3.27493353961752
"438",2012,30,19870.8012123403,73.197,0.139925655740972,2.25118564547244
"439",2012,31,58507.5080517852,87.142,0.376272242619955,1.65472753047184
"440",2012,31,17403.2053254767,67.974,-0.357944411443807,3.31546320909195
"441",2012,33,47708.0612784469,84.841,0.475809486683209,2.31449932102051
"442",2012,34,40872.3624615688,78.878,0.483998961260596,1.63179503677703
"443",2012,NA,21912.9982879517,77.004,-0.540752950543684,3.44106864571792
"444",2012,NA,43855.8544658618,77.17,0.187727800567293,0.847918814268698
"445",2012,35,12989.1802815896,69.678,-0.516437606548041,3.88978874991118
"446",2012,36,45995.5478789467,93.6,0.532100734916982,6.56118230413383
"447",2012,1,49026.0230672702,61.942,0.4237438032978,0.987786848368475
"448",2012,2,32667.6068723254,91.96,1.84615132126711,1.30427042153324
"449",2012,3,35051.5212697703,68.684,0.269541239520996,1.9707531347602
"450",2012,4,49145.2804308193,91.148,-0.159710675844347,1.12285396244805
"451",2012,5,25466.7605170594,81.851,0.525713660600414,2.1861850409628
"452",2012,6,13847.3379393194,67.897,-1.24035915329271,3.45474494120834
"453",2012,NA,112584.676270958,89.249,2.40154189982875,0.287951499538819
"454",2012,NA,14367.709424872,66.864,-1.34120198821595,3.97945678983967
"455",2012,7,10241.727828043,78.405,1.35529442643505,3.17392496725059
"456",2012,8,50070.1416045904,88.588,0.370055034770235,1.65950447649648
"457",2012,9,39973.3807587223,86.161,0.548220797298334,5.51752042632041
"458",2012,10,101524.141851985,79.874,1.31344098868985,1.12794879173888
"459",2012,11,13097.2708482174,60.654,-0.000239076003298365,2.91436343275584
"460",2012,12,20563.7136012629,61.763,-0.405421787747567,1.92410769887828
"461",2012,13,17429.829750132,54.28,0.170183855326072,1.9051089434031
"462",2012,14,22641.805122503,53.108,0.210024305900448,1.96350552854926
"463",2012,15,28322.8092495057,78.902,0.0649259625617232,2.4083041492621
"464",2012,16,58037.8213192173,85.62,0.739763272434863,1.54714585772275
"465",2012,17,86547.6708907265,73.653,1.06181932886789,0.629370355568408
"466",2012,18,11795.6334567571,71.974,1.63114823337747,7.69487759202317
"467",2012,19,42686.8000524926,81.837,0.695353132322269,0.637404835144407
"468",2012,20,51784.4185738837,81.119,0.733599941250847,1.14932964297306
"469",2013,21,68156.6279162085,85.502,1.721151439989,2.28571763293922
"470",2013,22,50731.1272541847,57.336,0.589387254692989,1.25472121594195
"471",2013,23,46757.9518559598,97.789,0.471340143966627,0.681174913459581
"472",2013,24,52635.1749580433,81.178,1.05659125917789,1.89423151227836
"473",2013,25,15777.7815089667,87.246,0.978805917146093,3.47337532789926
"474",2013,26,20133.1691431353,73.29,0.0331699460503076,2.36477116624437
"475",2013,27,61191.1937042028,87.292,0.416901360752097,1.30212758701465
"476",2013,28,19056.0019226989,68.122,-0.355891802625531,3.08811099529242
"477",2013,29,49892.2233632732,85.125,0.460723772785295,2.36735333127774
"478",2013,30,42605.0443782179,79.135,0.514773829097755,1.45863217691004
"479",2013,NA,21787.7877636035,77.355,-0.725120806658085,3.38260275850521
"480",2013,NA,46298.9229177341,77.18,0.272900214681538,0.942643214114216
"481",2013,31,13719.9505393621,69.953,-0.27536875707442,3.91569222279057
"482",2013,31,49804.9829978371,93.633,0.945885900369151,5.85604625769497
"483",2013,33,51533.0345651701,62.141,0.526556158855653,1.08521031466851
"484",2013,34,36499.4561082284,92.031,1.86605289478673,1.30120145765742
"485",2013,35,35560.0814062288,68.979,1.1592511168095,2.14458980749233
"486",2013,36,40898.6478964744,91.226,-0.144271883387076,1.06671782970179
"487",2013,1,27182.7343101936,81.779,0.455218622164662,2.09904711367279
"488",2013,2,15007.4918561719,67.925,-1.07103480329077,3.1736633813955
"489",2013,NA,120000.140729859,89.574,2.31117625275217,0.261907196956465
"490",2013,NA,15729.6524666512,66.986,-1.01200736818103,3.54492086525905
"491",2013,3,10725.1835873796,78.699,1.31555760676608,3.13878369494526
"492",2013,4,52198.8975607454,89.187,0.294820793441482,1.79086489326427
"493",2013,5,42976.6495882584,86.221,0.768347998194806,7.03371664955561
"494",2013,6,102913.450843674,80.286,1.20914158930136,1.31530621016246
"495",2013,7,13696.4663046143,60.529,-0.0603600174744649,3.09116767594327
"496",2013,8,21653.1959752225,62.352,-0.548815210952228,2.09548269898385
"497",2013,9,18208.4175936578,54.14,0.107458009492367,2.22652433451187
"498",2013,10,23503.2824850255,53.332,0.135726228915631,1.97122520387357
"499",2013,11,29067.809460022,79.133,-0.327669039579687,2.62234061320255
"500",2013,12,61126.9431963979,85.936,0.847348652246305,1.46654001874605
"501",2013,13,88109.4867524037,73.674,1.14987975781229,0.656479392646711
"502",2013,14,12614.7816100386,72.531,1.69274545557577,6.67610812297851
"503",2013,15,43713.8141242308,82.102,0.669740535540783,0.637535517007732
"504",2013,16,53291.1276891406,81.299,0.692860276624581,1.32108416447024
"505",2014,17,62511.6905895284,85.602,1.49156648912847,2.22094606810034
"506",2014,18,51786.3771747905,57.526,0.781541632525841,1.20074056404147
"507",2014,19,47764.0715120833,97.833,0.44392928847521,0.637835968092569
"508",2014,20,50955.9983232404,81.218,1.00533757867378,1.58654807741954
"509",2014,21,14606.9967241905,87.303,1.06117867141393,3.94662062999462
"510",2014,22,19890.9199056648,73.384,0.105277581527518,2.41345254208349
"511",2014,23,62548.9847332908,87.41,0.507053283010163,1.38246259773525
"512",2014,24,20261.0667303886,68.269,-0.262256175097854,3.16426999575923
"513",2014,25,50327.2402902632,85.175,0.413560207519414,2.39829480369459
"514",2014,26,43068.5487241739,79.394,0.473706907839969,1.55635615985933
"515",2014,NA,21616.7100094908,77.702,-0.666113290031891,3.58413350571669
"516",2014,NA,48023.8699845462,77.19,0.416877359168292,0.904547674923055
"517",2014,27,14298.833667395,70.227,-0.269378767165116,3.93478243181583
"518",2014,28,54576.7448146565,93.667,1.11250475522796,5.27785989422778
"519",2014,29,55599.850799684,62.34,0.731001376585771,1.24588067114512
"520",2014,30,37847.6499432106,92.104,1.91954379859591,1.20588834068293
"521",2014,31,35565.7213771496,69.272,0.917504095962437,1.99786088974992
"522",2014,31,38475.3952461838,91.304,-0.132694222147042,0.996605700341743
"523",2014,33,29249.5752209742,81.707,0.628149861433639,2.05667705037638
"524",2014,34,15742.3913381908,67.952,-0.941743354234222,3.54078138807732
"525",2014,NA,123678.702143275,89.884,2.35697870484045,0.289550438585059
"526",2014,NA,16551.018202078,67.108,-0.859827343070249,3.42319060134286
"527",2014,35,10928.9160089988,78.993,1.27768636604222,3.13208940239957
"528",2014,36,52900.537415323,89.69,0.359828172726548,1.73834058014176
"529",2014,1,44572.8987536626,86.281,1.66101200071152,4.77685746074917
"530",2014,2,97019.1827527462,80.692,1.12773667734928,1.44284252426282
"531",2014,3,14271.3058536202,60.403,-0.0748462292920506,2.84816192197022
"532",2014,4,22103.7009703321,62.936,-0.539190466792077,2.07611116482919
"533",2014,5,18655.7901089421,54,0.0970454215834878,2.75332283955059
"534",2014,6,24247.1733184083,53.557,0.0983519219451147,2.01709653525567
"535",2014,7,29500.7894328615,79.366,-0.298951059088036,2.53633649111861
"536",2014,8,60020.3604576572,86.247,0.992219728591882,1.44329819446845
"537",2014,9,89684.7075795936,73.696,1.22010397343287,0.70129196236405
"538",2014,10,12157.9904337823,73.077,1.70264361643927,6.55723547339657
"539",2014,11,47787.2412984884,82.365,0.736463978721671,0.746524020846814
"540",2014,12,55123.8497869046,81.483,0.733361519937424,1.17206510494526
"541",2015,13,56707.0220772116,85.701,1.43921665259925,2.37609867379823
"542",2015,14,44195.8175947748,57.715,1.12099250236958,1.1297901935645
"543",2015,15,41008.296719472,97.876,0.579446241677791,0.6864147804639
"544",2015,16,43596.1355365546,81.259,0.746339477969813,1.86983594598587
"545",2015,17,13495.0106099649,87.36,1.17771785691816,3.7094042753649
"546",2015,18,17829.6983223668,73.477,0.196588748472653,2.21121387268241
"547",2015,19,53254.8563700916,87.526,0.706423849687002,0.957580201288368
"548",2015,20,17402.0376128079,68.416,0.0655525295417938,2.85804688997265
"549",2015,21,42801.9081167285,85.225,0.329383885818507,2.25370768976039
"550",2015,22,36652.9223052178,79.655,0.355569240058298,1.60564438654459
"551",2015,NA,18083.8779056547,78.046,-0.658861360878339,3.86470314774326
"552",2015,NA,41103.2564363768,77.2,0.865702643950251,0.684691591379231
"553",2015,23,12720.7120220668,70.5,-0.237855001984657,3.78846931262631
"554",2015,24,52951.6815110898,93.7,1.04194038662969,5.31074407801313
"555",2015,25,62012.4849258149,62.538,0.944845307474728,0.896199998748098
"556",2015,26,35808.4364289727,92.179,1.98128897562083,1.24469096333403
"557",2015,27,30242.3861352184,69.565,-0.0963761331392095,2.06523676190304
"558",2015,28,34960.6393843385,91.381,-0.106124993746747,1.03412007048647
"559",2015,29,28732.2310762599,81.634,0.527288497407793,2.00390779269061
"560",2015,30,13786.4567953114,67.98,-0.818626340945853,3.49467522671827
"561",2015,NA,105462.012584423,90.179,2.35995118136865,0.223732628740735
"562",2015,NA,14263.9645773495,67.23,-0.940753796646208,3.42067512033113
"563",2015,31,9616.64555810607,79.285,1.24116450246976,3.19192365688526
"564",2015,31,45193.4032187971,90.173,0.443220089035769,1.72432783388019
"565",2015,33,38630.7265886928,86.341,2.0360339086492,4.47129317772382
"566",2015,34,74355.5158575643,81.091,0.995084736958414,1.53755759894676
"567",2015,35,12578.4954734362,60.278,-0.0666411009657168,2.37464410875059
"568",2015,36,19250.1065376852,63.514,-0.414141101993213,2.09944392552801
"569",2015,1,16342.2162621093,53.889,0.0950338786482762,2.19798438934877
"570",2015,2,20890.1664304173,53.781,0.075190689011533,2.09659621336938
"571",2015,3,25742.3688346767,79.602,-0.077588861590047,2.73536317152164
"572",2015,4,51545.4836095322,86.553,1.05745468551674,1.44955838205644
"573",2015,5,84776.1421659748,73.718,1.13833715247736,0.619280783065276
"574",2015,6,11006.2795239649,73.611,1.66948158450263,6.86837534505832
"575",2015,7,45404.5677734722,82.626,0.792367505802859,0.63445245275453
"576",2015,8,56762.7294515989,81.671,0.73621730882542,1.03393378310334
"577",2016,9,49881.7637140466,85.8,1.56194049810399,2.40423129264832
"578",2016,10,45307.5878620429,57.905,1.08139629872802,1.11031647926172
"579",2016,11,42012.6227191016,97.919,0.506300002451376,0.628433475870949
"580",2016,12,42315.6037056806,81.3,1.13234865466606,1.86222589313529
"581",2016,13,13690.9074621215,87.422,1.32520687841934,4.19908937128947
"582",2016,14,18575.2320271915,73.57,0.192048415842684,2.08704712424115
"583",2016,15,54663.9983719195,87.642,0.780392644135167,0.961160974086306
"584",2016,16,18295.3429322114,68.563,0.0291122255540077,2.11360999746642
"585",2016,17,43814.0265056965,85.275,0.287421401687637,2.31061337452533
"586",2016,18,37062.5335723829,79.917,0.263868788565368,1.43711486668854
"587",2016,NA,17923.9668134716,78.387,-0.415913028277122,3.51534024837597
"588",2016,NA,42136.1207907991,77.224,0.807218538573871,0.69843112985447
"589",2016,19,13107.3779137744,70.779,-0.295110604845478,3.88933957319236
"590",2016,20,61987.9263620283,93.735,1.38808149583838,4.58122112342326
"591",2016,21,62861.6391157902,62.737,1.12883406399428,0.947349103961891
"592",2016,22,37330.261796968,92.256,1.9603489624817,1.24112898113092
"593",2016,23,30960.7315088902,69.855,-0.169884073301448,1.9283733073049
"594",2016,24,39375.4731620781,91.457,-0.0511374152133631,1.12498130848332
"595",2016,25,29288.8704389833,81.562,0.396851823381145,1.85903488299151
"596",2016,26,14331.7515885049,68.021,-0.913885332226604,3.25954215081562
"597",2016,NA,106899.293549552,90.46,2.15531198799205,0.214197008159042
"598",2016,NA,15008.3132445526,67.366,-1.27069453298857,3.10876135276592
"599",2016,27,8744.51555912786,79.577,1.20325950587092,3.34646441999055
"600",2016,28,46039.1059284098,90.635,0.532178879608489,1.76653203206948
"601",2016,29,40058.1961621466,86.4,2.24603210015584,5.55164392802769
"602",2016,30,70460.5605323322,81.485,0.880969815359919,2.09231450531091
"603",2016,31,12447.4395912808,60.178,-0.04298513087435,2.53723261820447
"604",2016,31,19991.9724878805,64.086,-0.315459016997883,2.06581098417221
"605",2016,33,16512.2929859005,53.806,0.128922329956911,2.24457420158616
"606",2016,34,21678.3594670629,54.02,0.0731972072415279,1.98017135976102
"607",2016,35,26523.3482221547,79.84,0.0844301500680736,2.82572003160238
"608",2016,36,51965.1571531985,86.852,1.25645398510305,1.39874442557708
"609",2016,1,83073.2800824812,73.739,1.09203117387253,0.65072166738136
"610",2016,2,10894.6033779275,74.134,1.63994240407574,6.14229206403875
"611",2016,3,41499.5557033073,82.886,0.757874492811929,0.566834503763194
"612",2016,4,57866.7449341091,81.862,0.724676067451429,0.942644552842604
"613",2017,5,53934.2501750463,85.904,1.68452310845434,2.70247380513086
"614",2017,6,47429.1584564387,58.094,0.694621103604983,1.21053643138638
"615",2017,7,44198.4823908691,97.961,0.385228018372369,0.665093660241847
"616",2017,8,45129.4292980922,81.35,1.19952071057872,1.88999463244888
"617",2017,9,14962.5568471791,87.49,1.42514142087535,4.28097161377037
"618",2017,10,20636.199952435,73.675,0.265642663548985,2.0576068880787
"619",2017,11,57610.0981801135,87.757,0.643350903737356,1.30480035996571
"620",2017,12,20437.765376736,68.717,0.121070631466687,2.38620546594402
"621",2017,13,46412.1364777169,85.325,0.234670531705453,2.31594204179389
"622",2017,14,38781.0494870836,80.18,0.29020211635109,1.54241477388973
"623",2017,NA,18582.0893411631,78.724,-0.197783224759792,3.85638896453125
"624",2017,NA,44652.5891722719,77.261,0.373724559895838,0.851748919550925
"625",2017,15,14623.6966492311,71.062,-0.265860932255517,3.75356686379241
"626",2017,16,72010.1490316258,93.773,2.34558267643862,3.78294287228081
"627",2017,17,69774.0289724953,62.947,1.08867556062,1.17939797218571
"628",2017,18,40774.1296073227,92.336,1.93872567441099,1.20730222550317
"629",2017,19,32406.7203150134,70.144,-0.14986111697397,1.97268467311393
"630",2017,20,38834.0529341227,91.535,-0.081874296046114,1.12844054943922
"631",2017,21,31616.8434004683,81.503,0.280968018301691,1.8507562953431
"632",2017,22,15695.1151541059,68.075,-0.886215573292392,3.55239259613126
"633",2017,NA,110193.213797228,90.727,2.43097641776115,0.23457255011554
"634",2017,NA,16885.4073948373,67.516,-1.39832220092102,3.50751154955695
"635",2017,23,9287.84958732302,79.867,1.16396694963579,3.38107388194982
"636",2017,24,48675.2223350213,91.077,0.591203366164118,1.85559496359799
"637",2017,25,42924.9955958449,86.466,2.08872272281936,5.91291729137151
"638",2017,26,75496.7540581998,81.871,0.807673181884948,1.97646281978842
"639",2017,27,13864.6817579973,60.105,0.0124800985844923,2.87229845690723
"640",2017,28,21490.429863104,64.652,-0.243889410358812,2.09586857603127
"641",2017,29,17538.048584386,53.751,0.155178995687406,2.09065502455418
"642",2017,30,23514.0254604147,54.273,0.0651590392490152,1.83972417134003
"643",2017,31,28170.1678643302,80.08,0.234587922968563,2.7885291517876
"644",2017,31,53791.5087298403,87.146,1.34744505956262,1.44353822862843
"645",2017,33,83352.0886533412,73.761,0.933155888738653,0.623019115233245
"646",2017,34,10589.667724687,74.644,1.60131223365858,6.03862979568919
"647",2017,35,40857.7555829627,83.143,0.679374473924223,0.593378706173113
"648",2017,36,59914.777796976,82.058,0.63264399508256,0.94941971387699
"649",NA,NA,NA,NA,NA,NA
"650",NA,NA,NA,NA,NA,NA
"651",NA,NA,NA,NA,NA,NA
"652",NA,NA,NA,NA,NA,NA
"653",NA,NA,NA,NA,NA,NA
